step,action,chunk,sample_index,elements,diffusion_reference,sigma,target_sigma,raw_loss,weight,finite_difference_norm,model_evaluations,sample_type,adaptive_scale,weighted_loss,output_grad_l2,output_grad_l2_without_adaptive_scaling,noise_band
1,A,0,0,187200,0.0705040879547596,0.7828023433685303,0.7828023433685303,0.058790646493434906,1.8476070165634155,1.0327262878417969,4,diffusion,1.0,0.10862201452255249,0.0005177031446376279,0.0005177031446376279,high
1,A,0,1,187200,0.0705040879547596,0.9631273150444031,0.9631273150444031,0.08221752941608429,0.33614102005958557,10.74747085571289,4,diffusion,1.0,0.027636684477329254,0.00011138348624964694,0.00011138348624964694,high
1,A,0,2,187200,0.0705040879547596,0.6803350448608398,0.0,2.151663064956665,2.4829046726226807,0.8578901290893555,4,endpoint,0.032767098397016525,0.17505410313606262,0.00013791206002545126,0.004208857871834275,mid
1,A,0,3,187200,0.0705040879547596,0.9861184358596802,0.6245018243789673,1.8282458782196045,0.1271248310804367,1.650408148765564,4,flow_map,0.038563575595617294,0.00896277092397213,7.660234542497972e-06,0.0001986391153876444,high
2,D,0,0,187200,0.05984126590192318,0.9606280326843262,0.9606280326843262,0.06146439537405968,0.35899558663368225,2.735783338546753,4,diffusion,1.0,0.02206544578075409,0.00010285324510351439,0.00010285324510351439,high
2,D,0,1,187200,0.05984126590192318,0.8875101804733276,0.8875101804733276,0.05821813642978668,1.0071094036102295,1.4118033647537231,4,diffusion,1.0,0.058632031083106995,0.0002808166686539716,0.0002808166686539716,high
2,D,0,2,187200,0.05984126590192318,0.937883734703064,0.0,17.528005599975586,0.5641672015190125,1.8327785730361938,4,endpoint,0.003414035541936755,0.03376046195626259,9.318783159951103e-06,0.0027295507165882144,high
2,D,0,3,187200,0.05984126590192318,0.9737293124198914,0.9604454040527344,0.07463542371988297,0.2400284707546234,1.6678788661956787,4,flow_map,0.8016736507415771,0.014361683279275894,6.0750513223751826e-05,7.577960578791058e-05,high
3,A,1,0,187200,0.11143234744668007,0.9755016565322876,0.9755016565322876,0.14805994927883148,0.22387850284576416,3.509612560272217,4,diffusion,1.0,0.03314743936061859,9.95516068319708e-05,9.95516068319708e-05,high
3,A,1,1,187200,0.11143234744668007,0.6578546166419983,0.6578546166419983,0.07480474561452866,2.5948691368103027,0.7873091697692871,4,diffusion,1.0,0.1941085308790207,0.0008201572304083365,0.0008201572304083365,mid
3,A,1,2,187200,0.11143234744668007,0.9640671014785767,0.0,49.77053451538086,0.3272404074668884,3.049555540084839,4,endpoint,0.002238921355456114,0.03646515682339668,5.97322670589264e-06,0.0026679037614859734,high
3,A,1,3,187200,0.11143234744668007,0.5116616487503052,0.06060878187417984,0.5267989635467529,2.957991600036621,0.6047037243843079,4,flow_map,0.21152324974536896,0.3296096920967102,0.0005248009162258308,0.002481055471952065,mid
4,D,1,0,187200,0.09616613015532494,0.8924516439437866,0.8924516439437866,0.09384089708328247,0.9648681879043579,1.4056583642959595,4,diffusion,1.0,0.09054409712553024,0.00034157112122036294,0.00034157112122036294,high
4,D,1,1,187200,0.09616613015532494,0.9914743900299072,0.9914743900299072,0.0984913632273674,0.07820907235145569,2.136763095855713,4,diffusion,1.0,0.007702918257564306,2.8364379745575122e-05,2.8364379745575122e-05,high
4,D,1,2,187200,0.09616613015532494,0.7022324800491333,0.0,3.233891248703003,2.3710296154022217,1.0237318277359009,4,endpoint,0.029736880213022232,0.22801204025745392,0.00014652514832173345,0.004927388053894364,high
4,D,1,3,187200,0.09616613015532494,0.9849135875701904,0.983146071434021,0.09762739390134811,0.13733911514282227,3.338052272796631,4,flow_map,0.9849314093589783,0.013206019066274166,4.884309351368872e-05,4.9590350200606576e-05,high
5,A,2,0,74880,0.06966429762542248,0.9923840761184692,0.9923840761184692,0.08355659991502762,0.06919501721858978,1.2040866613388062,4,diffusion,1.0,0.0057817003689706326,3.654704667604284e-05,3.654704667604284e-05,high
5,A,2,1,74880,0.06966429762542248,0.8465802073478699,0.8465802073478699,0.05577199533581734,1.3532692193984985,0.9930915832519531,4,diffusion,1.0,0.07547452300786972,0.0005839550000694644,0.0005839550000694644,high
5,A,2,2,74880,0.06966429762542248,0.726768970489502,0.0,7.250085353851318,2.228148937225342,0.950499951839447,4,endpoint,0.009608742780983448,0.15522222220897675,0.0001053342072835345,0.010962329795319343,high
5,A,2,3,74880,0.06966429762542248,0.9394134283065796,0.2938045859336853,2.2784876823425293,0.5494716763496399,0.6481271386146545,4,flow_map,0.03057466261088848,0.03827838972210884,4.633587974689649e-05,0.0015154992987688768,high
6,D,2,0,74880,0.08097561448812485,0.9687436819076538,0.9687436819076538,0.08133117109537125,0.2846737205982208,0.6188334226608276,4,diffusion,1.0,0.023152846843004227,0.0001483416061109195,0.0001483416061109195,high
6,D,2,1,74880,0.08097561448812485,0.9078336954116821,0.9078336954116821,0.08062005788087845,0.8304823637008667,0.7413991689682007,4,diffusion,1.0,0.06695353984832764,0.00043086285354794425,0.00043086285354794425,high
6,D,2,2,74880,0.08097561448812485,0.8901111483573914,0.0,20.760568618774414,0.9857576489448547,1.417656421661377,4,endpoint,0.003900450887158513,0.07982229441404343,3.20104425314373e-05,0.008206856965389706,high
6,D,2,3,74880,0.08097561448812485,0.7241193652153015,0.6894388198852539,0.08193542808294296,2.244673728942871,0.3102358281612396,4,flow_map,0.9881651401519775,0.1817416548728943,0.0011601274499094046,0.001174021833770598,high
7,A,0,0,187200,0.07955577597022057,0.9531638622283936,0.9531638622283936,0.08498652279376984,0.42620712518692017,4.424017429351807,4,diffusion,1.0,0.036221861839294434,0.0001435862384011819,0.0001435862384011819,high
7,A,0,1,187200,0.07955577597022057,0.9000830054283142,0.9000830054283142,0.0741250291466713,0.8983995914459229,4.680149555206299,4,diffusion,1.0,0.06659389287233353,0.0002826630667105198,0.0002826630667105198,high
7,A,0,2,187200,0.07955577597022057,0.6564465761184692,0.0,1.4070560932159424,2.603402853012085,0.7169724106788635,4,endpoint,0.05654018744826317,0.20711426436901093,0.00020177688267064323,0.0035687338825199015,mid
7,A,0,3,187200,0.07955577597022057,0.9246036410331726,0.7126915454864502,0.7601265907287598,0.6836324334144592,1.6768608093261719,4,flow_map,0.10465984791517258,0.0543861985206604,7.208797113073249e-05,0.0006887834500692206,high
8,D,0,0,187200,0.06819224916398525,0.9763093590736389,0.9763093590736389,0.05987804755568504,0.21658700704574585,2.380584716796875,4,diffusion,1.0,0.012968807481229305,6.124678515501468e-05,6.124678515501468e-05,high
8,D,0,1,187200,0.06819224916398525,0.9914834499359131,0.9914834499359131,0.07650645077228546,0.0772998183965683,2.5932416915893555,4,diffusion,1.0,0.005913934670388699,2.4708397712841367e-05,2.4708397712841367e-05,high
8,D,0,2,187200,0.06819224916398525,0.9878669381141663,0.0,68.72001647949219,0.11024628579616547,3.5150146484375,4,endpoint,0.0009923198958858848,0.007517940830439329,1.0480315951771882e-06,0.0010561428824739701,high
8,D,0,3,187200,0.06819224916398525,0.5766395330429077,0.1991690695285797,0.4286477863788605,2.8714492321014404,0.6235535740852356,4,flow_map,0.15908318758010864,0.19580601155757904,0.0003456151738779882,0.0021725436806698927,mid
9,A,1,0,187200,0.11776977777481079,0.9218242168426514,0.9218242168426514,0.10013861954212189,0.706345796585083,3.035787582397461,4,diffusion,1.0,0.0707324966788292,0.00025830644790064515,0.00025830644790064515,high
9,A,1,1,187200,0.11776977777481079,0.9551140666007996,0.9551140666007996,0.1354009360074997,0.4091344475746155,7.672092914581299,4,diffusion,1.0,0.05539718642830849,0.00017397785113771837,0.00017397785113771837,high
9,A,1,2,187200,0.11776977777481079,0.8983671069145203,0.0,50.93519592285156,0.91457599401474,3.4144859313964844,4,endpoint,0.0023121486883610487,0.1077093854546547,1.7440608342225508e-05,0.007543030614777705,high
9,A,1,3,187200,0.11776977777481079,0.9791716933250427,0.6173967719078064,4.25961446762085,0.18953946232795715,2.412562608718872,4,flow_map,0.027647925540804863,0.022321967408061028,1.249868792205122e-05,0.0004520660294605007,high
10,D,1,0,187200,0.0925874300301075,0.8880853652954102,0.8880853652954102,0.09216105937957764,1.0035172700881958,1.0333352088928223,4,diffusion,1.0,0.092485211789608,0.0003520591711409429,0.0003520591711409429,high
10,D,1,1,187200,0.0925874300301075,0.9658092260360718,0.9658092260360718,0.09301380068063736,0.3112661838531494,1.954773187637329,4,diffusion,1.0,0.02895205095410347,0.00010970406458747293,0.00010970406458747293,high
10,D,1,2,187200,0.0925874300301075,0.893943190574646,0.0,31.97669219970703,0.951191782951355,2.702822685241699,4,endpoint,0.0028954651206731796,0.08806837350130081,1.799783549781345e-05,0.006215870248034296,high
10,D,1,3,187200,0.0925874300301075,0.821211040019989,0.7298940420150757,0.11553074419498444,1.5560905933380127,0.7677023410797119,4,flow_map,0.8013400435447693,0.14406195282936096,0.0004897986573057118,0.000611224487346298,high
11,A,2,0,74880,0.06863272003829479,0.7409597039222717,0.7409597039222717,0.05692261829972267,2.138887643814087,0.5036408305168152,4,diffusion,1.0,0.1217510849237442,0.0009324326927214818,0.0009324326927214818,high
11,A,2,1,74880,0.06863272003829479,0.9819270372390747,0.9819270372390747,0.08034282177686691,0.1649354249238968,0.8675966262817383,4,diffusion,1.0,0.013251377269625664,8.542295103593766e-05,8.542295103593766e-05,high
11,A,2,2,74880,0.06863272003829479,0.863512396812439,0.0,8.441108703613281,1.213696837425232,0.8894821405410767,4,endpoint,0.008130761794745922,0.08329922705888748,5.2387574460319535e-05,0.00644313236358397,high
11,A,2,3,74880,0.06863272003829479,0.7335044145584106,0.7055919170379639,0.05360299348831177,2.1791083812713623,0.31537848711013794,4,flow_map,1.2801508903503418,0.14953024685382843,0.0011801075858097413,0.0009218503808459475,high
12,D,2,0,74880,0.0868275910615921,0.9260008931159973,0.9260008931159973,0.08749469369649887,0.6712925434112549,0.5827446579933167,4,diffusion,1.0,0.05873453617095947,0.00036281878711964344,0.00036281878711964344,high
12,D,2,1,74880,0.0868275910615921,0.9550833702087402,0.9550833702087402,0.08616048842668533,0.4091344475746155,0.8353844285011292,4,diffusion,1.0,0.03525122255086899,0.0002194356622101032,0.0002194356622101032,high
12,D,2,2,74880,0.0868275910615921,0.6086967587471008,0.0,1.393784761428833,2.782191038131714,0.47340574860572815,4,endpoint,0.0622958205640316,0.24156920611858368,0.00037387876595298324,0.006001666926735268,mid
12,D,2,3,74880,0.0868275910615921,0.8851842284202576,0.8470414280891418,0.0866604819893837,1.0289359092712402,0.3976469933986664,4,flow_map,1.0018126964569092,0.08932971209287643,0.0005544628999544044,0.0005534596456157545,high
13,A,0,0,187200,0.11420947685837746,0.9775336980819702,0.9775336980819702,0.13512606918811798,0.20465464890003204,3.0021681785583496,4,diffusion,1.0,0.02765417844057083,8.693772438745285e-05,8.693772438745285e-05,high
13,A,0,1,187200,0.11420947685837746,0.9541818499565125,0.9541818499565125,0.09329288452863693,0.41761451959609985,13.08790111541748,4,diffusion,1.0,0.03896046429872513,0.00014740660116673918,0.00014740660116673918,high
13,A,0,2,187200,0.11420947685837746,0.9657419323921204,0.0,49.40510177612305,0.3127000033855438,3.013259172439575,4,endpoint,0.0023116932716220617,0.03571329265832901,5.871662385982643e-06,0.0025399833351864337,high
13,A,0,3,187200,0.11420947685837746,0.9531587958335876,0.4814765155315399,2.0798044204711914,0.42620712518692017,1.3093260526657104,4,flow_map,0.05491330102086067,0.04867665842175484,3.9005566321928504e-05,0.0007103118114700648,high
14,D,0,0,187200,0.07570699974894524,0.9155892133712769,0.9155892133712769,0.06930352002382278,0.7619800567626953,1.4412543773651123,4,diffusion,1.0,0.05280790105462074,0.0002318132915797094,0.0002318132915797094,high
14,D,0,1,187200,0.07570699974894524,0.9956005215644836,0.9956005215644836,0.08211047947406769,0.039844758808612823,3.0137720108032227,4,diffusion,1.0,0.003271672176197171,1.3194337187079074e-05,1.3194337187079074e-05,high
14,D,0,2,187200,0.07570699974894524,0.28591275215148926,0.0,0.45229849219322205,2.289689779281616,0.7958345413208008,4,endpoint,0.16737912595272064,0.17334170639514923,0.00029785685070189065,0.0017795340309401894,mid
14,D,0,3,187200,0.07570699974894524,0.9980197548866272,0.9478133320808411,0.17438441514968872,0.01786535605788231,2.561349868774414,4,flow_map,0.43411368131637573,0.0013524550013244152,3.7427090379161837e-06,8.621495241907734e-06,high
15,A,1,0,187200,0.12405690923333168,0.9132418036460876,0.9132418036460876,0.10670553892850876,0.7842047214508057,5.459272861480713,4,diffusion,1.0,0.08367899060249329,0.0002960329252461249,0.0002960329252461249,high
15,A,1,1,187200,0.12405690923333168,0.9777061939239502,0.9777061939239502,0.1414082795381546,0.2034754902124405,6.633608818054199,4,diffusion,1.0,0.028773119673132896,8.842327675700587e-05,8.842327675700587e-05,high
15,A,1,2,187200,0.12405690923333168,0.6105729937553406,0.0,2.421011209487915,2.7746429443359375,1.0175272226333618,4,endpoint,0.05124156177043915,0.34421220421791077,0.0002556494978277467,0.004989104332398176,mid
15,A,1,3,187200,0.12405690923333168,0.7483539581298828,0.10488831251859665,3.5566089153289795,2.083622694015503,1.1668314933776855,4,flow_map,0.03488057106733322,0.2584870457649231,0.00015839366362842226,0.00454102839436488,high
16,D,1,0,187200,0.604552298784256,0.9874209761619568,0.9874209761619568,0.10951954126358032,0.11514943093061447,4.682666301727295,4,diffusion,1.0,0.01261111255735159,4.4037705840715295e-05,4.4037705840715295e-05,high
16,D,1,1,187200,0.604552298784256,0.0027873641811311245,0.0027873641811311245,1.0995850563049316,0.10828430950641632,3.584160804748535,4,diffusion,1.0,0.11906781047582626,0.0001312190919802107,0.0001312190919802107,low
16,D,1,2,187200,0.604552298784256,0.915050208568573,0.0,11.355982780456543,0.76748126745224,1.559043526649475,4,endpoint,0.05323641002178192,0.46398213505744934,0.00015911311941986067,0.002988802576183458,high
16,D,1,3,187200,0.604552298784256,0.35852694511413574,0.2737342417240143,0.19817611575126648,2.6753921508789062,0.6071947813034058,4,flow_map,3.050426959991455,1.6173326969146729,0.004198467709307591,0.001376354118414739,mid
17,A,2,0,74880,0.07463755831122398,0.9888012409210205,0.9888012409210205,0.09083211421966553,0.10250778496265411,0.9883890151977539,4,diffusion,1.0,0.00931099895387888,5.644996112088556e-05,5.644996112088556e-05,high
17,A,2,1,74880,0.07463755831122398,0.9039173722267151,0.9039173722267151,0.05844300240278244,0.8668856024742126,0.7213380336761475,4,diffusion,1.0,0.05066339671611786,0.0003829262476380485,0.0003829262476380485,high
17,A,2,2,74880,0.07463755831122398,0.7798953652381897,0.0,4.547524452209473,1.868550181388855,0.6928800344467163,4,endpoint,0.016412753611803055,0.13946372270584106,0.00011949805140883232,0.007280804564256457,high
17,A,2,3,74880,0.07463755831122398,0.9674515724182129,0.442179411649704,2.8369452953338623,0.2971162796020508,0.9278886914253235,4,flow_map,0.02630903758108616,0.022175956517457962,2.4057138961179298e-05,0.0009144058913988639,high
18,D,2,0,74880,0.08201555907726288,0.9838945865631104,0.9838945865631104,0.08223408460617065,0.14671632647514343,0.8530674576759338,4,diffusion,1.0,0.012065082788467407,7.687612108507183e-05,7.687612108507183e-05,high
18,D,2,1,74880,0.08201555907726288,0.9878864884376526,0.9878864884376526,0.0817970335483551,0.11024628579616547,0.8880035281181335,4,diffusion,1.0,0.009017819538712502,5.761291246521342e-05,5.761291246521342e-05,high
18,D,2,2,74880,0.08201555907726288,0.8248862028121948,0.0,4.240690231323242,1.5275733470916748,0.651548445224762,4,endpoint,0.019340097904205322,0.12528449296951294,0.00011116449563440169,0.005747876571515702,high
18,D,2,3,74880,0.08201555907726288,0.9801612496376038,0.7023128271102905,0.33907461166381836,0.18045412003993988,0.4988446533679962,4,flow_map,0.24187342822551727,0.01479960884898901,4.643972991300996e-05,0.00019200013103428052,high
19,A,0,0,187200,0.09551988169550896,0.945765495300293,0.945765495300293,0.13217836618423462,0.49359261989593506,1.8790960311889648,4,diffusion,1.0,0.06524226814508438,0.00020737955079334783,0.00020737955079334783,high
19,A,0,1,187200,0.09551988169550896,0.7988654375076294,0.7988654375076294,0.058861397206783295,1.7270351648330688,0.9523447155952454,4,diffusion,1.0,0.10165569931268692,0.0004842097677765389,0.0004842097677765389,high
19,A,0,2,187200,0.09551988169550896,0.9183916449546814,0.0,15.677862167358398,0.7376692295074463,1.8232942819595337,4,endpoint,0.0060926564037799835,0.07046203315258026,2.0565006821816844e-05,0.0033753761018031443,high
19,A,0,3,187200,0.09551988169550896,0.6883071660995483,0.4823782444000244,0.14183169603347778,2.448357582092285,0.5574708580970764,4,flow_map,0.6734259724617004,0.23385034501552582,0.0007175768826188699,0.001065561638491275,mid
20,D,0,0,187200,0.07136335596442223,0.9815711379051208,0.9815711379051208,0.07390329986810684,0.16822047531604767,2.544312000274658,4,diffusion,1.0,0.012432048097252846,5.2847914434824605e-05,5.2847914434824605e-05,high
20,D,0,1,187200,0.07136335596442223,0.9763685464859009,0.9763685464859009,0.06882341206073761,0.21538139879703522,1.8444997072219849,4,diffusion,1.0,0.014823283068835735,6.529702205398809e-05,6.529702205398809e-05,high
20,D,0,2,187200,0.07136335596442223,0.8451448082923889,0.0,4.284000396728516,1.363181710243225,0.9704419374465942,4,endpoint,0.016658073291182518,0.09728100150823593,5.431507110400094e-05,0.0032605854323351485,high
20,D,0,3,187200,0.07136335596442223,0.8056724071502686,0.7634798884391785,0.05534786731004715,1.676186203956604,0.6854449510574341,4,flow_map,1.2891277074813843,0.11959667503833771,0.0005874700524203766,0.00045571129145004436,high
21,A,1,0,187200,0.18188010901212692,0.6505072116851807,0.6505072116851807,0.07705281674861908,2.6288795471191406,0.8036927580833435,4,diffusion,1.0,0.20256257057189941,0.0008432998623546455,0.0008432998623546455,mid
21,A,1,1,187200,0.18188010901212692,0.13173533976078033,0.13173533976078033,0.28670740127563477,1.1343713998794556,1.8409147262573242,4,diffusion,1.0,0.32523268461227417,0.0007019267649743279,0.0007019267649743279,low
21,A,1,2,187200,0.18188010901212692,0.8243807554244995,0.0,8.215156555175781,1.533230185508728,1.4014087915420532,4,endpoint,0.02213955484330654,0.2788637578487396,0.00011243492884760235,0.005078463846421684,high
21,A,1,3,187200,0.18188010901212692,0.977374255657196,0.9678298234939575,0.14416231215000153,0.20583605766296387,2.025311231613159,4,flow_map,1.2615468502044678,0.0374348908662796,0.00011393778979904618,9.031594013379645e-05,high
22,D,1,0,187200,0.10004624351859093,0.5780264139175415,0.5780264139175415,0.10520131886005402,2.8714492321014404,0.8317536115646362,4,diffusion,1.0,0.3020802438259125,0.0010762887891367793,0.0010762887891367793,mid
22,D,1,1,187200,0.10004624351859093,0.9885954856872559,0.9885954856872559,0.09489116817712784,0.10442985594272614,2.2338736057281494,4,diffusion,1.0,0.009909470565617085,3.717531504024055e-05,3.717531504024055e-05,high
22,D,1,2,187200,0.10004624351859093,0.9455236792564392,0.0,28.28069496154785,0.49551108479499817,2.4613656997680664,4,endpoint,0.0035376150626689196,0.04957400634884834,1.0772737303302167e-05,0.0030451977144101087,high
22,D,1,3,187200,0.10004624351859093,0.9254733324050903,0.7763716578483582,0.3130626380443573,0.6737454533576965,1.413162350654602,4,flow_map,0.3195624053478241,0.06740354746580124,0.0001392144228628811,0.0004356408029641495,high
23,A,2,0,74880,0.06230225786566734,0.9261998534202576,0.9261998534202576,0.05955919623374939,0.6688472032546997,0.8268289566040039,4,diffusion,1.0,0.03983600065112114,0.0002982554690648061,0.0002982554690648061,high
23,A,2,1,74880,0.06230225786566734,0.9259970188140869,0.9259970188140869,0.0650453194975853,0.6712925434112549,0.9777323603630066,4,diffusion,1.0,0.04366443678736687,0.0003128289487513145,0.0003128289487513145,high
23,A,2,2,74880,0.06230225786566734,0.7864857912063599,0.0,7.209229946136475,1.8200631141662598,0.8578213453292847,4,endpoint,0.008642001077532768,0.1133938878774643,7.716711961991113e-05,0.008929311501768733,high
23,A,2,3,74880,0.06230225786566734,0.9705331325531006,0.6651408076286316,0.7506800889968872,0.2685026526451111,0.8180420398712158,4,flow_map,0.08299331367015839,0.016728097572922707,3.527818395519397e-05,0.0004250726039859139,high
24,D,2,0,74880,0.07333116605877876,0.781949520111084,0.781949520111084,0.07618024945259094,1.8545608520507812,0.6080599427223206,4,diffusion,1.0,0.1412809044122696,0.0009352966303736859,0.0009352966303736859,high
24,D,2,1,74880,0.07333116605877876,0.8030033111572266,0.8030033111572266,0.07048208266496658,1.695061206817627,0.45366039872169495,4,diffusion,1.0,0.11947144567966461,0.0008222650581060165,0.0008222650581060165,high
24,D,2,2,74880,0.07333116605877876,0.8334873914718628,0.0,4.844254016876221,1.461464285850525,0.6700175404548645,4,endpoint,0.015137730166316032,0.10717065632343292,8.897121204007236e-05,0.005877447349276189,high
24,D,2,3,74880,0.07333116605877876,0.96767258644104,0.2278357297182083,8.821351051330566,0.29432711005210876,1.109939694404602,4,flow_map,0.008312908001244068,0.021583324298262596,1.327815945138853e-05,0.001597294165820359,high
25,A,0,0,187200,0.0847429633140564,0.7636140584945679,0.7636140584945679,0.05512843281030655,1.9843937158584595,0.8755962252616882,4,diffusion,1.0,0.10939651727676392,0.0005384343376914521,0.0005384343376914521,high
25,A,0,1,187200,0.0847429633140564,0.9458106160163879,0.9458106160163879,0.11435749381780624,0.4916777014732361,3.51841402053833,4,diffusion,1.0,0.056227028369903564,0.00019214536349911426,0.00019214536349911426,high
25,A,0,2,187200,0.0847429633140564,0.9681119918823242,0.0,51.483238220214844,0.29017046093940735,3.1197123527526855,4,endpoint,0.0016460297629237175,0.02458989806473255,3.9604167920599015e-06,0.002406042029899456,high
25,A,0,3,187200,0.0847429633140564,0.9296025633811951,0.5914677977561951,1.7729201316833496,0.6377519965171814,1.7105588912963867,4,flow_map,0.04779825359582901,0.0540446899831295,4.6905689445289514e-05,0.0009813264275702034,high
26,D,0,0,187200,0.05649096332490444,0.7067804336547852,0.7067804336547852,0.05825327709317207,2.345459222793579,0.7960913777351379,4,diffusion,1.0,0.13663068413734436,0.0006541918811827134,0.0006541918811827134,high
26,D,0,1,187200,0.05649096332490444,0.8040820360183716,0.8040820360183716,0.05472864955663681,1.6887434720993042,0.9784055948257446,4,diffusion,1.0,0.09242264926433563,0.00045654977318759787,0.00045654977318759787,high
26,D,0,2,187200,0.05649096332490444,0.9705661535263062,0.0,130.91424560546875,0.2685026526451111,4.946069240570068,4,endpoint,0.00043151117279194295,0.01516797300428152,1.5319731775197313e-06,0.0035502514746203018,high
26,D,0,3,187200,0.05649096332490444,0.9886901378631592,0.7769738435745239,1.5201997756958008,0.10346680134534836,2.3613922595977783,4,flow_map,0.03715997934341431,0.0058449008502066135,5.478275907801236e-06,0.00014742408377501227,high
27,A,1,0,187200,0.14673104137182236,0.9753494262695312,0.9753494262695312,0.15937229990959167,0.22510294616222382,3.0737597942352295,4,diffusion,1.0,0.03587517514824867,0.00010384956488740636,0.00010384956488740636,high
27,A,1,1,187200,0.14673104137182236,0.9711833596229553,0.9711833596229553,0.13408978283405304,0.2632139325141907,2.6086950302124023,4,diffusion,1.0,0.0352942980825901,0.00011138425376802541,0.00011138425376802541,high
27,A,1,2,187200,0.14673104137182236,0.9964979290962219,0.0,286.4371643066406,0.031572725623846054,7.152936935424805,4,endpoint,0.0005122626316733658,0.004632699303328991,3.163271850997683e-07,0.0006175097802204477,high
27,A,1,3,187200,0.14673104137182236,0.9531123638153076,0.8707340955734253,0.2488194853067398,0.42620712518692017,1.6689764261245728,4,flow_map,0.5896851420402527,0.06253530085086823,0.00014487724103248975,0.0002456857578795842,high
28,D,1,0,187200,0.10459214821457863,0.9212021231651306,0.9212021231651306,0.08431410044431686,0.7140627503395081,1.3976397514343262,4,diffusion,1.0,0.06020556017756462,0.0002396092423465158,0.0002396092423465158,high
28,D,1,1,187200,0.10459214821457863,0.5028735995292664,0.5028735995292664,0.1248701959848404,2.9594807624816895,0.8604916334152222,4,diffusion,1.0,0.3695509433746338,0.0012085427018248061,0.0012085427018248061,mid
28,D,1,2,187200,0.10459214821457863,0.9273536801338196,0.0,22.58884620666504,0.6591454148292542,2.16814923286438,4,endpoint,0.004630254115909338,0.0689413994550705,1.6762939140280747e-05,0.003620306514643347,high
28,D,1,3,187200,0.10459214821457863,0.9912773966789246,0.9355486631393433,0.21698914468288422,0.08003385365009308,2.1690449714660645,4,flow_map,0.48199334740638733,0.008370526134967804,2.076590481158637e-05,4.308338470505451e-05,high
29,A,2,0,74880,0.07753350958228111,0.9742845296859741,0.9742845296859741,0.09444896131753922,0.23500697314739227,0.9323707222938538,4,diffusion,1.0,0.02219616435468197,0.00013196732952934807,0.00013196732952934807,high
29,A,2,1,74880,0.07753350958228111,0.6158270835876465,0.6158270835876465,0.06061805784702301,2.7593212127685547,0.4894240200519562,4,diffusion,1.0,0.16726469993591309,0.0012413388711422471,0.0012413388711422471,mid
29,A,2,2,74880,0.07753350958228111,0.7013098001480103,0.0,4.666149139404297,2.3710296154022217,0.7980611324310303,4,endpoint,0.016616132110357285,0.18383386731147766,0.00015550104407647514,0.009358438115663942,high
29,A,2,3,74880,0.07753350958228111,0.8660390973091125,0.5842575430870056,0.383590966463089,1.191999912261963,0.5300638675689697,4,flow_map,0.20212021470069885,0.09241752326488495,0.00027265109506559906,0.001348955103126834,high
30,D,2,0,74880,0.09578557685017586,0.9924516677856445,0.9924516677856445,0.08057161420583725,0.06919501721858978,1.0753320455551147,4,diffusion,1.0,0.005575154442340136,3.5888304450089263e-05,3.5888304450089263e-05,high
30,D,2,1,74880,0.09578557685017586,0.5163805484771729,0.5163805484771729,0.11099953949451447,2.9551665782928467,0.5926672220230103,4,diffusion,1.0,0.3280221223831177,0.001798993695652592,0.001798993695652592,mid
30,D,2,2,74880,0.09578557685017586,0.9497623443603516,0.0,14.045309066772461,0.45631375908851624,1.0522862672805786,4,endpoint,0.006819750647991896,0.04370824620127678,2.131006608312533e-05,0.0031247573676905873,high
30,D,2,3,74880,0.09578557685017586,0.38908734917640686,0.22878460586071014,0.20945167541503906,2.7703487873077393,0.3864268660545349,4,flow_map,0.4572940170764923,0.2653467655181885,0.0010593975773484131,0.0023166661661598036,mid
31,A,0,0,187200,0.06358066946268082,0.6697311997413635,0.6697311997413635,0.06376806646585464,2.53473162651062,0.8205248713493347,4,diffusion,1.0,0.16163493692874908,0.0007396916057156348,0.0007396916057156348,mid
31,A,0,1,187200,0.06358066946268082,0.883190393447876,0.883190393447876,0.06339327245950699,1.043757438659668,1.275032639503479,4,diffusion,1.0,0.0661671981215477,0.0003036954263000551,0.0003036954263000551,high
31,A,0,2,187200,0.06358066946268082,0.8927998542785645,0.0,8.926877975463867,0.9614307284355164,1.393393635749817,4,endpoint,0.007122378330677748,0.061128344386816025,2.3643399412641464e-05,0.0033195933036586694,high
31,A,0,3,187200,0.06358066946268082,0.40908533334732056,0.2237468659877777,0.1828935444355011,2.8420348167419434,0.5784434080123901,4,flow_map,0.34761857986450195,0.18068860471248627,0.0004882571878038579,0.0014045773617571747,mid
32,D,0,0,187200,0.06426867470145226,0.9702066779136658,0.9702066779136658,0.06444071978330612,0.2711649537086487,1.7535866498947144,4,diffusion,1.0,0.017474064603447914,7.954828711970051e-05,7.954828711970051e-05,high
32,D,0,1,187200,0.06426867470145226,0.9744160771369934,0.9744160771369934,0.06409662961959839,0.23375876247882843,2.578803777694702,4,diffusion,1.0,0.014983149245381355,6.83915707700364e-05,6.83915707700364e-05,high
32,D,0,2,187200,0.06426867470145226,0.9437676668167114,0.0,17.86574363708496,0.5110651850700378,1.8481948375701904,4,endpoint,0.00359731144271791,0.03284546360373497,8.980116420969594e-06,0.0024963411047292487,high
32,D,0,3,187200,0.06426867470145226,0.9984404444694519,0.948087751865387,0.3071373403072357,0.013916299678385258,3.562690258026123,4,flow_map,0.2092437893152237,0.0008943529683165252,1.8649179986863665e-06,8.912656403277451e-06,high
33,A,1,0,187200,0.0930122584104538,0.4647362530231476,0.4647362530231476,0.10906072705984116,2.938978910446167,1.0514720678329468,4,diffusion,1.0,0.32052716612815857,0.0011216251687762898,0.0011216251687762898,mid
33,A,1,1,187200,0.0930122584104538,0.8848472237586975,0.8848472237586975,0.07696378976106644,1.0326199531555176,1.2959165573120117,4,diffusion,1.0,0.07947434484958649,0.00033105550730289253,0.00033105550730289253,high
33,A,1,2,187200,0.0930122584104538,0.9686701893806458,0.0,114.55023193359375,0.28604385256767273,4.645634651184082,4,endpoint,0.0008119778358377516,0.026605581864714622,2.8727105009689036e-06,0.0035379173841672755,high
33,A,1,3,187200,0.0930122584104538,0.9824531078338623,0.9657298922538757,0.1474880874156952,0.15950727462768555,3.2300446033477783,4,flow_map,0.6305997371673584,0.014835124835371971,4.4640580566151766e-05,7.07906742344619e-05,high
34,D,1,0,187200,0.08911257237195969,0.7326182126998901,0.7326182126998901,0.08937397599220276,2.1872243881225586,0.8833699226379395,4,diffusion,1.0,0.19548094272613525,0.0007556417781603253,0.0007556417781603253,high
34,D,1,1,187200,0.08911257237195969,0.9523640871047974,0.9523640871047974,0.08885116875171661,0.4331654906272888,2.187285900115967,4,diffusion,1.0,0.038487259298563004,0.0001492115715711721,0.0001492115715711721,high
34,D,1,2,187200,0.08911257237195969,0.99004065990448,0.0,351.49859619140625,0.09113362431526184,7.926672458648682,4,endpoint,0.0002535218372941017,0.008121151477098465,5.005793099804273e-07,0.001974501744398937,high
34,D,1,3,187200,0.08911257237195969,0.9650740027427673,0.9137291312217712,0.16161243617534637,0.31847336888313293,2.072939157485962,4,flow_map,0.5513626337051392,0.02837822586297989,8.157647270235997e-05,0.00014795430033799842,high
35,A,2,0,74880,0.0786348395049572,0.9508576393127441,0.9508576393127441,0.08222758024930954,0.447313129901886,0.6840577721595764,4,diffusion,1.0,0.03678147494792938,0.00023437295070125098,0.00023437295070125098,high
35,A,2,1,74880,0.0786348395049572,0.9865975379943848,0.9865975379943848,0.07504209876060486,0.12209838628768921,0.8731967210769653,4,diffusion,1.0,0.009162519127130508,6.111523647095179e-05,6.111523647095179e-05,high
35,A,2,2,74880,0.0786348395049572,0.8714402914047241,0.0,17.10611915588379,1.1457213163375854,1.272323727607727,4,endpoint,0.004596881102770567,0.09009356796741486,3.980201849416583e-05,0.0086584833508478,high
35,A,2,3,74880,0.0786348395049572,0.9850288033485413,0.925337016582489,0.14516368508338928,0.13630656898021698,0.8535181879997253,4,flow_map,0.5416604280471802,0.010717707686126232,5.139962772312797e-05,9.489271333413877e-05,high
36,D,2,0,74880,0.08027508854866028,0.8112043142318726,0.8112043142318726,0.07884593307971954,1.6330307722091675,0.5106112360954285,4,diffusion,1.0,0.12875783443450928,0.0008378593172342068,0.0008378593172342068,high
36,D,2,1,74880,0.08027508854866028,0.9975526928901672,0.9975526928901672,0.08170424401760101,0.02265237644314766,1.4946109056472778,4,diffusion,1.0,0.0018507953500375152,1.1831046592637328e-05,1.1831046592637328e-05,high
36,D,2,2,74880,0.08027508854866028,0.9311047792434692,0.0,16.563188552856445,0.62381911277771,1.204246997833252,4,endpoint,0.004846593365073204,0.050077103078365326,2.248300305547801e-05,0.00463892911204413,high
36,D,2,3,74880,0.08027508854866028,0.8969724178314209,0.1478801667690277,8.906023025512695,0.927725613117218,1.052242636680603,4,flow_map,0.009013563394546509,0.07447317987680435,4.5597922682675073e-05,0.005058812002172555,high
37,A,0,0,187200,0.09407036378979683,0.9730131030082703,0.9730131030082703,0.1273944079875946,0.2463703751564026,2.0768773555755615,4,diffusion,1.0,0.03138620778918266,0.0001016203647556097,0.0001016203647556097,high
37,A,0,1,187200,0.09407036378979683,0.7022497653961182,0.7022497653961182,0.060746319591999054,2.3710296154022217,0.8628534078598022,4,diffusion,1.0,0.1440313160419464,0.0006753268952182152,0.0006753268952182152,high
37,A,0,2,187200,0.09407036378979683,0.996807873249054,0.0,236.13546752929688,0.02912204898893833,6.476212501525879,4,endpoint,0.00039837451186031103,0.0027395214419811964,2.0602084592271617e-07,0.0005171536827510612,high
37,A,0,3,187200,0.09407036378979683,0.8402747511863708,0.7043333053588867,0.117725670337677,1.4036425352096558,0.7803615927696228,4,flow_map,0.7989962697029114,0.1320299506187439,0.0004446864949730471,0.0005565564093789746,high
38,D,0,0,187200,0.061681315302848816,0.8320448994636536,0.8320448994636536,0.0507846400141716,1.4722586870193481,0.9225215315818787,4,diffusion,1.0,0.07476812601089478,0.00038341349691005806,0.00038341349691005806,high
38,D,0,1,187200,0.061681315302848816,0.9626152515411377,0.9626152515411377,0.07257799059152603,0.34064245223999023,1.7343519926071167,4,diffusion,1.0,0.024723144248127937,0.0001060518680270302,0.0001060518680270302,high
38,D,0,2,187200,0.061681315302848816,0.4728986620903015,0.0,0.5438012480735779,2.949976682662964,0.5775924324989319,4,endpoint,0.11342412233352661,0.18195508420467377,0.0002851420008742796,0.0025139449616882383,mid
38,D,0,3,187200,0.061681315302848816,0.9414858222007751,0.8570025563240051,0.16969682276248932,0.5310153961181641,1.5016144514083862,4,flow_map,0.3634580671787262,0.03275179862976074,9.187881039206785e-05,0.0002527906757036914,high
39,A,1,0,187200,0.0989314652979374,0.992524266242981,0.992524266242981,0.12857888638973236,0.06830459833145142,2.665036678314209,4,diffusion,1.0,0.008782529272139072,2.8304263192437197e-05,2.8304263192437197e-05,high
39,A,1,1,187200,0.0989314652979374,0.7740257382392883,0.7740257382392883,0.06928404420614243,1.9111711978912354,0.9346370100975037,4,diffusion,1.0,0.13241367042064667,0.0005813441264802945,0.0005813441264802945,high
39,A,1,2,187200,0.0989314652979374,0.9770432710647583,0.0,103.53986358642578,0.20939549803733826,4.333385944366455,4,endpoint,0.0009554914431646466,0.020715801045298576,2.3526916909421726e-06,0.002462284416854548,high
39,A,1,3,187200,0.0989314652979374,0.6547636985778809,0.6016607880592346,0.0810595154762268,2.611917018890381,0.5741679072380066,4,flow_map,1.2203288078308105,0.25836890935897827,0.0010487097909718873,0.0008593665774685891,mid
40,D,1,0,187200,0.08782318606972694,0.7239509224891663,0.7239509224891663,0.08536878973245621,2.244673728942871,0.8125149607658386,4,diffusion,1.0,0.19162507355213165,0.0007579138931852166,0.0007579138931852166,high
40,D,1,1,187200,0.08782318606972694,0.9719416499137878,0.9719416499137878,0.09027758240699768,0.2553754448890686,2.4772486686706543,4,diffusion,1.0,0.02305467799305916,8.867193352743474e-05,8.867193352743474e-05,high
40,D,1,2,187200,0.08782318606972694,0.754977285861969,0.0,2.799211263656616,2.044924020767212,0.8849860429763794,4,endpoint,0.03137414902448654,0.1795910894870758,0.0001240463677760606,0.0039537763296542735,high
40,D,1,3,187200,0.08782318606972694,0.9493091702461243,0.9140306115150452,0.09254887700080872,0.4617732763290405,1.3531074523925781,4,flow_map,0.9488359093666077,0.04055001959204674,0.00015403611876377673,0.00016234221032654955,high
41,A,2,0,74880,0.07317782007157803,0.8994340300559998,0.8994340300559998,0.05774221941828728,0.9048356413841248,1.0252318382263184,4,diffusion,1.0,0.052247218787670135,0.0003972862384933411,0.0003972862384933411,high
41,A,2,1,74880,0.07317782007157803,0.9853383302688599,0.9853383302688599,0.08861342072486877,0.13425177335739136,0.8323734402656555,4,diffusion,1.0,0.011896508745849133,7.302252876950863e-05,7.302252876950863e-05,high
41,A,2,2,74880,0.07317782007157803,0.9242839813232422,0.0,46.87665557861328,0.6861248016357422,1.9930559396743774,4,endpoint,0.0015610713744536042,0.050209108740091324,1.3399582731046012e-05,0.008583581090733948,high
41,A,2,3,74880,0.07317782007157803,0.9408774375915527,0.6542901396751404,0.31705906987190247,0.5371133685112,0.44910097122192383,4,flow_map,0.23079456388950348,0.03930354490876198,0.0001275406759231863,0.0005526155979317104,high
42,D,2,0,74880,0.08701834082603455,0.9659514427185059,0.9659514427185059,0.08621793985366821,0.3098345994949341,0.6628412008285522,4,diffusion,1.0,0.026713300496339798,0.00016623245596106824,0.00016623245596106824,high
42,D,2,1,74880,0.08701834082603455,0.6171623468399048,0.6171623468399048,0.08781874179840088,2.7593212127685547,0.5078578591346741,4,diffusion,1.0,0.24232012033462524,0.0014941113037300643,0.0014941113037300643,mid
42,D,2,2,74880,0.08701834082603455,0.9910869598388672,0.0,1236.9217529296875,0.08094669133424759,9.768254280090332,4,endpoint,7.035072485450655e-05,0.007043846882879734,3.65953477508692e-07,0.005201843737438757,high
42,D,2,3,74880,0.08701834082603455,0.8635969758033752,0.7750650644302368,0.10350316762924194,1.213696837425232,0.42036038637161255,4,flow_map,0.8406499624252319,0.10560368746519089,0.0005997763338823801,0.0007134673891521462,high
43,A,0,0,187200,0.09531401097774506,0.5695943236351013,0.5695943236351013,0.07180164009332657,2.8890388011932373,0.91756671667099,4,diffusion,1.0,0.20743772387504578,0.0008946180144022362,0.0008946180144022362,mid
43,A,0,1,187200,0.09531401097774506,0.9991400837898254,0.9991400837898254,0.11882638186216354,0.007674386724829674,6.348516464233398,4,diffusion,1.0,0.0009119196329265833,3.0571531752546408e-06,3.0571531752546408e-06,high
43,A,0,2,187200,0.09531401097774506,0.9076374769210815,0.0,44.08241653442383,0.8334598541259766,3.106717824935913,4,endpoint,0.0021621768828481436,0.07944037765264511,1.3826927462521745e-05,0.006394910412837326,high
43,A,0,3,187200,0.09531401097774506,0.8888058662414551,0.7009413838386536,0.23980708420276642,0.9963745474815369,0.9884347915649414,4,flow_map,0.39744463562965393,0.09496449679136276,0.0002241028351776189,0.0005638592525537116,high
44,D,0,0,187200,0.07479172199964523,0.5839271545410156,0.5839271545410156,0.07341914623975754,2.8525705337524414,0.9248834848403931,4,diffusion,1.0,0.20943328738212585,0.0008932193832370384,0.0008932193832370384,mid
44,D,0,1,187200,0.07479172199964523,0.9782177805900574,0.9782177805900574,0.07616429775953293,0.19878889620304108,2.1100516319274902,4,diffusion,1.0,0.015140616334974766,6.339936754420572e-05,6.339936754420572e-05,high
44,D,0,2,187200,0.07479172199964523,0.9473592042922974,0.0,24.321565628051758,0.4784294366836548,2.216844081878662,4,endpoint,0.0030751184094697237,0.03578254580497742,8.384797573251636e-06,0.0027266584426248216,high
44,D,0,3,187200,0.07479172199964523,0.21171393990516663,0.042244214564561844,0.37861353158950806,1.8139938116073608,1.0528895854949951,4,flow_map,0.19753584265708923,0.13566812872886658,0.00025479849496676547,0.0012898848712184394,low
45,A,1,0,187200,0.07477227970957756,0.8787177205085754,0.8787177205085754,0.07547970116138458,1.0856776237487793,1.7561109066009521,4,diffusion,1.0,0.08194662630558014,0.0003446934692387646,0.0003446934692387646,high
45,A,1,1,187200,0.07477227970957756,0.6874327063560486,0.6874327063560486,0.07406485825777054,2.448357582092285,0.8781712055206299,4,diffusion,1.0,0.18133725225925446,0.0007700129459574401,0.0007700129459574401,mid
45,A,1,2,187200,0.07477227970957756,0.862768828868866,0.0,6.991131782531738,1.2180888652801514,1.2786920070648193,4,endpoint,0.010695288889110088,0.09107915312051773,3.9807263121936566e-05,0.003721943702003992,high
45,A,1,3,187200,0.07477227970957756,0.7021593451499939,0.632781982421875,0.08044585585594177,2.3710296154022217,0.5457696318626404,4,flow_map,0.9293578863143921,0.17726527154445648,0.0007222522235566036,0.0007771518746355946,high
46,D,1,0,187200,0.08809937909245491,0.9969080686569214,0.9969080686569214,0.0921759307384491,0.02830829657614231,3.3110687732696533,4,diffusion,1.0,0.0026093435008078814,9.93206572506753e-06,9.93206572506753e-06,high
46,D,1,1,187200,0.08809937909245491,0.9007075428962708,0.9007075428962708,0.08402282744646072,0.8920074701309204,1.1759676933288574,4,diffusion,1.0,0.0749489888548851,0.0002988024949637008,0.0002988024949637008,high
46,D,1,2,187200,0.08809937909245491,0.99762362241745,0.0,262.73870849609375,0.021852074190974236,6.872027397155762,4,endpoint,0.0003353117499500513,0.001925154123455286,1.3725259081458511e-07,0.00040932830667291117,high
46,D,1,3,187200,0.08809937909245491,0.7920240759849548,0.7065445184707642,0.10248466581106186,1.7795552015304565,0.6919431686401367,4,flow_map,0.8595508337020874,0.15676240622997284,0.0005658867913428778,0.0006583517450685285,high
47,A,2,0,74880,0.058559600263834,0.6395045518875122,0.6395045518875122,0.059182386845350266,2.670802354812622,0.5196052193641663,4,diffusion,1.0,0.15806445479393005,0.0011872032454206996,0.0011872032454206996,mid
47,A,2,1,74880,0.058559600263834,0.880007803440094,0.880007803440094,0.057936813682317734,1.0740721225738525,0.6601280570030212,4,diffusion,1.0,0.06222831830382347,0.0004723868881505245,0.0004723868881505245,high
47,A,2,2,74880,0.058559600263834,0.9722960591316223,0.0,50.39881896972656,0.25278669595718384,1.9497724771499634,4,endpoint,0.0011619237484410405,0.014803084544837475,3.810036252348175e-06,0.003279075978488366,high
47,A,2,3,74880,0.058559600263834,0.9749416708946228,0.9490272998809814,0.08943622559309006,0.22879599034786224,1.0793895721435547,4,flow_map,0.6546905636787415,0.013396703638136387,8.185181392985472e-05,0.00012502366533271073,high
48,D,2,0,74880,0.07430172339081764,0.7435081005096436,0.7435081005096436,0.07566044479608536,2.1150498390197754,0.4834311008453369,4,diffusion,1.0,0.16002561151981354,0.0010630217170976405,0.0010630217170976405,high
48,D,2,1,74880,0.07430172339081764,0.8072962164878845,0.8072962164878845,0.07294300198554993,1.6637296676635742,0.4738391935825348,4,diffusion,1.0,0.12135743349790573,0.0008210349864082846,0.0008210349864082846,high
48,D,2,2,74880,0.07430172339081764,0.9770584106445312,0.0,43.9729118347168,0.20939549803733826,1.7662416696548462,4,endpoint,0.0016897153109312057,0.01555844210088253,4.287070036824682e-06,0.0025371552291031016,high
48,D,2,3,74880,0.07430172339081764,0.9645174145698547,0.7779908776283264,0.2282530963420868,0.3228398561477661,0.5468605160713196,4,flow_map,0.32550913095474243,0.02398650534451008,9.173725608829966e-05,0.00028182698230070377,high
49,A,0,0,187200,0.11871187388896942,0.9589858651161194,0.9589858651161194,0.11496835201978683,0.37313562631607056,3.3118650913238525,4,diffusion,1.0,0.042898789048194885,0.00014620861120163923,0.00014620861120163923,high
49,A,0,1,187200,0.11871187388896942,0.9774399995803833,0.9774399995803833,0.12245539575815201,0.20583605766296387,2.595228433609009,4,diffusion,1.0,0.025205735117197037,8.323912390011752e-05,8.323912390011752e-05,high
49,A,0,2,187200,0.11871187388896942,0.6238469481468201,0.0,1.4001303911209106,2.7358286380767822,0.7461782097816467,4,endpoint,0.08478569239377975,0.32477301359176636,0.0003171851058609724,0.0037410215910938585,mid
49,A,0,3,187200,0.11871187388896942,0.7270429730415344,0.6839287281036377,0.06258055567741394,2.2199199199676514,0.7117770910263062,4,flow_map,1.8966419696807861,0.2634887397289276,0.001217193023624908,0.0006417621475653453,high
50,D,0,0,187200,0.05581400729715824,0.9579715132713318,0.9579715132713318,0.05812957510352135,0.38274866342544556,1.9502003192901611,4,diffusion,1.0,0.022249016910791397,0.00010664225974511563,0.00010664225974511563,high
50,D,0,1,187200,0.05581400729715824,0.769498348236084,0.769498348236084,0.053498439490795135,1.9401322603225708,0.908038318157196,4,diffusion,1.0,0.10379404574632645,0.0005185838365329979,0.0005185838365329979,high
50,D,0,2,187200,0.05581400729715824,0.9905149936676025,0.0,126.91078186035156,0.08647572994232178,4.721146583557129,4,endpoint,0.00043978929170407355,0.004826556425541639,4.951140256005022e-07,0.0011257982741736596,high
50,D,0,3,187200,0.05581400729715824,0.8990405797958374,0.7597112059593201,0.16475218534469604,0.90807044506073,0.9687965512275696,4,flow_map,0.33875495195388794,0.050679974257946014,0.00014429054292662766,0.00042594371563981984,high
51,A,1,0,187200,0.10655554011464119,0.9395952820777893,0.9395952820777893,0.10602221637964249,0.5473976135253906,6.074110507965088,4,diffusion,1.0,0.058036308735609055,0.0002059768542939676,0.0002059768542939676,high
51,A,1,1,187200,0.10655554011464119,0.9436217546463013,0.9436217546463013,0.10708886384963989,0.5130348205566406,1.6372017860412598,4,diffusion,1.0,0.05494031682610512,0.00019401534485782558,0.00019401534485782558,high
51,A,1,2,187200,0.10655554011464119,0.9837861061096191,0.0,104.66749572753906,0.14777083694934845,4.383629322052002,4,endpoint,0.0010180383687838912,0.015745799988508224,1.7785901315902124e-06,0.0017470757351855477,high
51,A,1,3,187200,0.10655554011464119,0.8299937844276428,0.7762717008590698,0.09882353246212006,1.488615870475769,0.9462155699729919,4,flow_map,1.0781314373016357,0.1586042195558548,0.0005830443936038499,0.0005407915708896334,high
52,D,1,0,187200,0.08484939858317375,0.9616732597351074,0.9616732597351074,0.07999738305807114,0.34974929690361023,1.5927530527114868,4,diffusion,1.0,0.027979029342532158,0.00011431726415392083,0.00011431726415392083,high
52,D,1,1,187200,0.08484939858317375,0.6776127219200134,0.6776127219200134,0.08970141410827637,2.5001885890960693,0.9120321273803711,4,diffusion,1.0,0.22427044808864594,0.0008653454124448073,0.0008653454124448073,mid
52,D,1,2,187200,0.08484939858317375,0.1245652288198471,0.0,0.534558892250061,1.1343713998794556,1.335616111755371,4,endpoint,0.15872491896152496,0.09624893218278885,0.00015213013256878892,0.0009584514741863902,low
52,D,1,3,187200,0.08484939858317375,0.731219470500946,0.6185482740402222,0.1058303713798523,2.195363759994507,0.49932846426963806,4,flow_map,0.8016733527183533,0.18625770509243011,0.0006616467461924996,0.0008253320931136795,high
53,A,2,0,74880,0.06830493360757828,0.9812272191047668,0.9812272191047668,0.06567613035440445,0.17152884602546692,0.8302217125892639,4,diffusion,1.0,0.011265350505709648,8.032080092712218e-05,8.032080092712218e-05,high
53,A,2,1,74880,0.06830493360757828,0.91959148645401,0.91959148645401,0.0709337368607521,0.7270931005477905,0.6825389862060547,4,diffusion,1.0,0.0515754297375679,0.0003538372327027265,0.0003538372327027265,high
53,A,2,2,74880,0.06830493360757828,0.8694840669631958,0.0,11.784805297851562,1.162321925163269,1.0945147275924683,4,endpoint,0.005796012468636036,0.07939226180315018,4.225752270636873e-05,0.007290792236047951,high
53,A,2,3,74880,0.06830493360757828,0.9009785056114197,0.8810656070709229,0.06173858791589737,0.8920074701309204,0.6230209469795227,4,flow_map,1.1061780452728271,0.06091864034533501,0.00044798034360237995,0.0004049803243852036,high
54,D,2,0,74880,0.07914679124951363,0.7170155644416809,0.7170155644416809,0.0793343037366867,2.286344051361084,0.472683846950531,4,diffusion,1.0,0.18138551712036133,0.0011766821837496373,0.0011766821837496373,high
54,D,2,1,74880,0.07914679124951363,0.9885395169258118,0.9885395169258118,0.07895927876234055,0.10442985594272614,1.199911117553711,4,diffusion,1.0,0.008245706558227539,5.3618338449694276e-05,5.3618338449694276e-05,high
54,D,2,2,74880,0.07914679124951363,0.9546944499015808,0.0,22.93381690979004,0.41251319646835327,1.4081194400787354,4,endpoint,0.0034510937985032797,0.03264907747507095,1.2457183637686213e-05,0.003609633456815583,high
54,D,2,3,74880,0.07914679124951363,0.11257673799991608,0.049186185002326965,0.43174245953559875,0.9703689813613892,0.9529431462287903,4,flow_map,0.1833151876926422,0.07679980248212814,0.00021356733110585344,0.0011650280251952385,low
55,A,0,0,187200,0.09072831459343433,0.9955480098724365,0.9955480098724365,0.11990689486265182,0.04068048298358917,2.285177230834961,4,diffusion,1.0,0.004877870436757803,1.627890770483747e-05,1.627890770483747e-05,high
55,A,0,1,187200,0.09072831459343433,0.9026999473571777,0.9026999473571777,0.06154973432421684,0.8762242794036865,1.9485234022140503,4,diffusion,1.0,0.05393137037754059,0.0002512149357428346,0.0002512149357428346,high
55,A,0,2,187200,0.09072831459343433,0.4697240889072418,0.0,0.5900056958198547,2.9468095302581787,0.613789439201355,4,endpoint,0.15377271175384521,0.2673545479774475,0.00040223191177340875,0.002615756119442633,mid
55,A,0,3,187200,0.09072831459343433,0.7055069208145142,0.5251420736312866,0.12413515895605087,2.353968620300293,0.6042537689208984,4,flow_map,0.7308244109153748,0.21355439722537994,0.000700451708322625,0.0009584404924916134,high
56,D,0,0,187200,0.06148367561399937,0.5880568027496338,0.5880568027496338,0.07159540802240372,2.846017599105835,0.8237993717193604,4,diffusion,1.0,0.20376178622245789,0.000880029534574185,0.000880029534574185,mid
56,D,0,1,187200,0.06148367561399937,0.8875339031219482,0.8875339031219482,0.051371943205595016,1.0071094036102295,1.3831545114517212,4,diffusion,1.0,0.051737166941165924,0.00026378902951423514,0.00026378902951423514,high
56,D,0,2,187200,0.06148367561399937,0.9595491886138916,0.0,62.48175048828125,0.36838671565055847,3.464609146118164,4,endpoint,0.0009840258862823248,0.02264976315200329,3.3113429360176004e-06,0.0033650973843055484,high
56,D,0,3,187200,0.06148367561399937,0.863957405090332,0.6874780058860779,0.14698699116706848,1.2093236446380615,0.7417231798171997,4,flow_map,0.41826483607292175,0.07434859871864319,0.00022410442451367316,0.000535795518021032,high
57,A,1,0,187200,0.09405632317066193,0.734351396560669,0.734351396560669,0.06802201271057129,2.1791083812713623,0.9079271554946899,4,diffusion,1.0,0.14822733402252197,0.0006567811084344176,0.0006567811084344176,high
57,A,1,1,187200,0.09405632317066193,0.9621108770370483,0.9621108770370483,0.12009063363075256,0.34517839550971985,2.462259292602539,4,diffusion,1.0,0.041452690958976746,0.00013823412121500146,0.00013823412121500146,high
57,A,1,2,187200,0.09405632317066193,0.8467715978622437,0.0,10.508383750915527,1.3532692193984985,1.570487141609192,4,endpoint,0.008950590156018734,0.12728340923786163,4.537544731670624e-05,0.00506954809970759,high
57,A,1,3,187200,0.09405632317066193,0.912256121635437,0.622344434261322,1.3120096921920776,0.7926928400993347,1.6022824048995972,4,flow_map,0.0716881975531578,0.07455720752477646,7.52208437191445e-05,0.0010492779325825174,high
58,D,1,0,187200,0.08839534595608711,0.6451163291931152,0.6451163291931152,0.09057821333408356,2.645740509033203,0.7486254572868347,4,diffusion,1.0,0.23964644968509674,0.0009201872341693784,0.0009201872341693784,mid
58,D,1,1,187200,0.08839534595608711,0.8893609642982483,0.8893609642982483,0.08621247857809067,0.9928231835365295,0.8972353935241699,4,diffusion,1.0,0.08559374511241913,0.000336879091769585,0.000336879091769585,high
58,D,1,2,187200,0.08839534595608711,0.9673519730567932,0.0,31.02643394470215,0.2971162796020508,2.388475179672241,4,endpoint,0.0028490324039012194,0.026263685896992683,5.448875067118879e-06,0.001912535308358606,high
58,D,1,3,187200,0.08839534595608711,0.7627851963043213,0.41626080870628357,0.27911898493766785,1.9918653964996338,0.528256356716156,4,flow_map,0.31668275594711304,0.17606529593467712,0.0003851200890490946,0.0012161069139912716,high
59,A,2,0,74880,0.0648705456405878,0.5462453365325928,0.5462453365325928,0.06842461228370667,2.9283030033111572,0.48176345229148865,4,diffusion,1.0,0.2003680020570755,0.0013996172034762804,0.0013996172034762804,mid
59,A,2,1,74880,0.0648705456405878,0.9691376686096191,0.9691376686096191,0.06131647899746895,0.28058746457099915,0.8622308969497681,4,diffusion,1.0,0.017204634845256805,0.0001269532885968246,0.0001269532885968246,high
59,A,2,2,74880,0.0648705456405878,0.7593627572059631,0.0,4.526483535766602,2.014443874359131,0.7157939076423645,4,endpoint,0.014331301674246788,0.13067778944969177,0.00011222984645662747,0.007831099296325849,high
59,A,2,3,74880,0.0648705456405878,0.9654789566993713,0.8269163966178894,0.1584644764661789,0.31413784623146057,0.7221883535385132,4,flow_map,0.40934380888938904,0.020377008244395256,9.353228292479427e-05,0.00022849321497877623,high
60,D,2,0,74880,0.09109042957425117,0.5384272933006287,0.5384272933006287,0.10493725538253784,2.936060667037964,0.514616072177887,4,diffusion,1.0,0.30810216069221497,0.0017378687026916404,0.0017378687026916404,mid
60,D,2,1,74880,0.09109042957425117,0.892236053943634,0.892236053943634,0.07724360376596451,0.9683182239532471,0.6145431995391846,4,diffusion,1.0,0.07479638606309891,0.0004917410402459648,0.0004917410402459648,high
60,D,2,2,74880,0.09109042957425117,0.6664669513702393,0.0,3.4458930492401123,2.551968812942505,0.710452675819397,4,endpoint,0.026434414088726044,0.23245926201343536,0.0002288142327274944,0.008655922236804215,mid
60,D,2,3,74880,0.09109042957425117,0.8926541805267334,0.616351842880249,0.2388542741537094,0.9648681879043579,0.39863595366477966,4,flow_map,0.38134804368019104,0.08788657188415527,0.00032858149828509666,0.0008616315298595163,high
61,A,0,0,187200,0.07809802517294884,0.9447184801101685,0.9447184801101685,0.09496621787548065,0.5032433271408081,5.975347518920898,4,diffusion,1.0,0.04779111593961716,0.0001792171960151973,0.0001792171960151973,high
61,A,0,1,187200,0.07809802517294884,0.8844384551048279,0.8844384551048279,0.06122983247041702,1.0363188982009888,1.2835348844528198,4,diffusion,1.0,0.06345362961292267,0.00029634120035590807,0.00029634120035590807,high
61,A,0,2,187200,0.07809802517294884,0.9410497546195984,0.0,25.06511688232422,0.5350747108459473,2.233264207839966,4,endpoint,0.003115804400295019,0.041788265109062195,9.645762423409677e-06,0.0030957535147252413,high
61,A,0,3,187200,0.07809802517294884,0.9502809047698975,0.7206487655639648,4.5338358879089355,0.4526987075805664,4.208158493041992,4,flow_map,0.017225557938218117,0.035354796797037125,1.9188124706158438e-05,0.0011139334223587616,high
62,D,0,0,187200,0.07081328704953194,0.9434027671813965,0.9434027671813965,0.06378927081823349,0.515009343624115,1.6233993768692017,4,diffusion,1.0,0.03285207226872444,0.00015031627652643915,0.00015031627652643915,high
62,D,0,1,187200,0.07081328704953194,0.5575408935546875,0.5575408935546875,0.07783730328083038,2.910191774368286,0.8524990677833557,4,diffusion,1.0,0.22652147710323334,0.0009382802643862533,0.0009382802643862533,mid
62,D,0,2,187200,0.07081328704953194,0.9381653666496277,0.0,15.833221435546875,0.5620492100715637,1.754997730255127,4,endpoint,0.0044724466279149055,0.03980052471160889,1.1559025806417698e-05,0.0025844972043426303,high
62,D,0,3,187200,0.07081328704953194,0.3817192614078522,0.1649075597524643,0.23955143988132477,2.75333833694458,0.6399889588356018,4,flow_map,0.2955954968929291,0.19496478140354156,0.0004603348667283711,0.001557313530033626,mid
63,A,1,0,187200,0.10315953195095062,0.9436458349227905,0.9436458349227905,0.12283966690301895,0.5110651850700378,3.1670432090759277,4,diffusion,1.0,0.06277907639741898,0.00020699635309100783,0.00020699635309100783,high
63,A,1,1,187200,0.10315953195095062,0.9043923020362854,0.9043923020362854,0.0834793969988823,0.8607127070426941,2.836799144744873,4,diffusion,1.0,0.07185177505016327,0.0002873855637936213,0.0002873855637936213,high
63,A,1,2,187200,0.10315953195095062,0.8511887788772583,0.0,9.075386047363281,1.314405918121338,1.473082423210144,4,endpoint,0.011366945691406727,0.13559335470199585,5.2014320222778626e-05,0.004575927574115254,high
63,A,1,3,187200,0.10315953195095062,0.9848744869232178,0.959954559803009,0.17639514803886414,0.13837076723575592,2.800696849822998,4,flow_map,0.5847875475883484,0.014273454435169697,3.927379464523861e-05,6.715908163093232e-05,high
64,D,1,0,187200,0.10451943427324295,0.9963173270225525,0.9963173270225525,0.0820716917514801,0.03321457654237747,2.731569766998291,4,diffusion,1.0,0.0027259765192866325,1.0996196573264057e-05,1.0996196573264057e-05,high
64,D,1,1,187200,0.10451943427324295,0.4871562719345093,0.4871562719345093,0.1269671767950058,2.956685781478882,0.854490339756012,4,diffusion,1.0,0.37540203332901,0.0012174972428211505,0.0012174972428211505,mid
64,D,1,2,187200,0.10451943427324295,0.912402331829071,0.0,15.127245903015137,0.7898538708686829,1.8467689752578735,4,endpoint,0.006909345276653767,0.08255502581596375,2.4529046261890225e-05,0.0035501259930911682,high
64,D,1,3,187200,0.10451943427324295,0.702530562877655,0.36068296432495117,0.2985684871673584,2.3710296154022217,0.5510501861572266,4,flow_map,0.35005679726600647,0.24781034886837006,0.0005241004825114945,0.0014971869896679456,high
65,A,2,0,74880,0.051847029477357864,0.8854634165763855,0.8854634165763855,0.0492471419274807,1.0252634286880493,0.6025992035865784,4,diffusion,1.0,0.05049129202961922,0.00041573163025744847,0.00041573163025744847,high
65,A,2,1,74880,0.051847029477357864,0.9136177897453308,0.9136177897453308,0.05444691702723503,0.781394898891449,0.7456454634666443,4,diffusion,1.0,0.042544543743133545,0.0003331534423043362,0.0003331534423043362,high
65,A,2,2,74880,0.051847029477357864,0.9654268622398376,0.0,46.10447311401367,0.3155779540538788,1.867239236831665,4,endpoint,0.0011245550122112036,0.016361774876713753,4.402972570444364e-06,0.003915302072938907,high
65,A,2,3,74880,0.051847029477357864,0.33775338530540466,0.17615410685539246,0.1941594034433365,2.5800232887268066,0.39703619480133057,4,flow_map,0.2670195698738098,0.13375966250896454,0.0005546678823597055,0.002077255545808252,mid
66,D,2,0,74880,0.07058290764689445,0.7961019277572632,0.7961019277572632,0.07050881534814835,1.753084659576416,0.4904957711696625,4,diffusion,1.0,0.12360792607069016,0.0008505731806664159,0.0008505731806664159,high
66,D,2,1,74880,0.07058290764689445,0.9104864001274109,0.9104864001274109,0.07065699994564056,0.8070310354232788,0.5309650897979736,4,diffusion,1.0,0.05702239274978638,0.00039197188699603155,0.00039197188699603155,high
66,D,2,2,74880,0.07058290764689445,0.7268205881118774,0.0,7.329824447631836,2.228148937225342,0.9592074155807495,4,endpoint,0.009629537351429462,0.15726904571056366,0.00010614108245695137,0.011022448803440717,high
66,D,2,3,74880,0.07058290764689445,0.949213981628418,0.9234684109687805,0.07571231573820114,0.4617732763290405,0.4318126440048218,4,flow_map,0.9321283102035522,0.03258899971842766,0.00021640876449736837,0.00023216628239744206,high
67,A,0,0,187200,0.09503697976469994,0.8944752812385559,0.8944752812385559,0.07415897399187088,0.947802722454071,1.221409797668457,4,diffusion,1.0,0.07028807699680328,0.0002982750246462266,0.0002982750246462266,high
67,A,0,1,187200,0.09503697976469994,0.9801102876663208,0.9801102876663208,0.11591498553752899,0.18158037960529327,2.972308397293091,4,diffusion,1.0,0.021047886461019516,7.144236033934488e-05,7.144236033934488e-05,high
67,A,0,2,187200,0.09503697976469994,0.9827098846435547,0.0,44.42484664916992,0.1573525071144104,2.9393067359924316,4,endpoint,0.002139274962246418,0.014954304322600365,2.592807809086898e-06,0.0012120030640494352,high
67,A,0,3,187200,0.09503697976469994,0.8162210583686829,0.5077762007713318,0.38350144028663635,1.5970104932785034,0.7547518014907837,4,flow_map,0.24780741333961487,0.15177109837532043,0.0002832191701791895,0.0011429003126352947,high
68,D,0,0,187200,0.06859206221997738,0.8159742951393127,0.8159742951393127,0.050007354468107224,1.5970104932785034,0.9056161046028137,4,diffusion,1.0,0.07986226677894592,0.00041270695878280883,0.00041270695878280883,high
68,D,0,1,187200,0.06859206221997738,0.4989294707775116,0.4989294707775116,0.08717676997184753,2.959693193435669,0.9660871028900146,4,diffusion,1.0,0.2580164968967438,0.0010098669581020442,0.0010098669581020442,mid
68,D,0,2,187200,0.06859206221997738,0.9692037105560303,0.0,32.9608268737793,0.28058746457099915,2.4730899333953857,4,endpoint,0.0020810170099139214,0.019246067851781845,3.874003653968935e-06,0.0018615915369808427,high
68,D,0,3,187200,0.06859206221997738,0.9695894122123718,0.9582065939903259,0.06101757660508156,0.276529461145401,2.0111851692199707,4,flow_map,1.123952031135559,0.018964620307087898,8.872249443513355e-05,7.893797241995712e-05,high
69,A,1,0,187200,0.09211572259664536,0.9521484375,0.9521484375,0.11889863014221191,0.4349176287651062,2.166450262069702,4,diffusion,1.0,0.05171110853552818,0.00017330556925195117,0.00017330556925195117,high
69,A,1,1,187200,0.09211572259664536,0.8153592944145203,0.8153592944145203,0.0653328150510788,1.602953314781189,0.981476366519928,4,diffusion,1.0,0.10472545027732849,0.0004734821835446111,0.0004734821835446111,high
69,A,1,2,187200,0.09211572259664536,0.508029580116272,0.0,0.604080855846405,2.958909511566162,0.5758454203605652,4,endpoint,0.15248653292655945,0.2725575566291809,0.00040525444991660605,0.0026576409217185406,mid
69,A,1,3,187200,0.09211572259664536,0.6996853351593018,0.6511825919151306,0.08000267297029495,2.379580497741699,0.8846865296363831,4,flow_map,1.1512641906738281,0.21916937828063965,0.0008954569843885465,0.0007778032111503796,high
70,D,1,0,187200,0.08038074523210526,0.8018003702163696,0.8018003702163696,0.07941605895757675,1.7077736854553223,0.9064117074012756,4,diffusion,1.0,0.13562466204166412,0.0005561623239349476,0.0005561623239349476,high
70,D,1,1,187200,0.08038074523210526,0.9787847399711609,0.9787847399711609,0.08134543150663376,0.19298772513866425,2.0537490844726562,4,diffusion,1.0,0.015698669478297234,6.360823612487375e-05,6.360823612487375e-05,high
70,D,1,2,187200,0.08038074523210526,0.9486379027366638,0.0,33.004432678222656,0.46727901697158813,2.6460657119750977,4,endpoint,0.0024354520719498396,0.037560220807790756,7.555428239782644e-06,0.0031022693186212925,high
70,D,1,3,187200,0.08038074523210526,0.8819912075996399,0.792941153049469,0.09195783734321594,1.0550199747085571,0.6878302097320557,4,flow_map,0.8740093111991882,0.0847940742969513,0.0003231381231965362,0.00036971931426356674,high
71,A,2,0,74880,0.055501723662018776,0.979031503200531,0.979031503200531,0.061027735471725464,0.19068723917007446,0.8711064457893372,4,diffusion,1.0,0.011637210845947266,8.60740711798551e-05,8.60740711798551e-05,high
71,A,2,1,74880,0.055501723662018776,0.7562621235847473,0.7562621235847473,0.04997571185231209,2.037263870239258,0.4686463177204132,4,diffusion,1.0,0.10181371122598648,0.000832173466163029,0.000832173466163029,high
71,A,2,2,74880,0.055501723662018776,0.9289652705192566,0.0,24.648231506347656,0.6448166370391846,1.4164459705352783,4,endpoint,0.002251751720905304,0.03578842058777809,1.317154458437431e-05,0.005849465756854741,high
71,A,2,3,74880,0.055501723662018776,0.9520962834358215,0.767758846282959,0.24152743816375732,0.4349176287651062,0.6272441148757935,4,flow_map,0.22978517413139343,0.024137677624821663,8.974274302295852e-05,0.00039055062347774765,high
72,D,2,0,74880,0.07887376844882965,0.6567760705947876,0.6567760705947876,0.08266247808933258,2.5948691368103027,0.4605773687362671,4,diffusion,1.0,0.21449831128120422,0.001363191148230494,0.001363191148230494,mid
72,D,2,1,74880,0.07887376844882965,0.9290316104888916,0.9290316104888916,0.07508505880832672,0.6424547433853149,0.5686981678009033,4,diffusion,1.0,0.04823875054717064,0.00032166691140357833,0.00032166691140357833,high
72,D,2,2,74880,0.07887376844882965,0.9920747876167297,0.0,88.28290557861328,0.07188152521848679,2.4969518184661865,4,endpoint,0.0008934205397963524,0.005669566337019205,1.1025508081929159e-06,0.0012340781961921684,high
72,D,2,3,74880,0.07887376844882965,0.9515442252159119,0.30446839332580566,4.033777236938477,0.4402009844779968,0.869184672832489,4,flow_map,0.019553279504179955,0.034720223397016525,3.158738397687849e-05,0.0016154519741880629,high
73,A,0,0,187200,0.08111995458602905,0.945828378200531,0.945828378200531,0.09465966373682022,0.4916777014732361,3.1384568214416504,4,diffusion,1.0,0.04654204472899437,0.0001748155550599718,0.0001748155550599718,high
73,A,0,1,187200,0.08111995458602905,0.8887661099433899,0.8887661099433899,0.06758024543523788,0.9963745474815369,1.4118707180023193,4,diffusion,1.0,0.06733523309230804,0.00029932954765681766,0.00029932954765681766,high
73,A,0,2,187200,0.08111995458602905,0.9482068419456482,0.0,40.45276641845703,0.47097519040107727,2.815032720565796,4,endpoint,0.0020053000189363956,0.038205474615097046,6.94174384400294e-06,0.003461698388495911,high
73,A,0,3,187200,0.08111995458602905,0.12163287401199341,0.10394982248544693,0.28201940655708313,1.0536000728607178,1.4901793003082275,4,flow_map,0.2876293957233429,0.0854649543762207,0.00018597974169443362,0.0006465950436905925,low
74,D,0,0,187200,0.09533815830945969,0.892114520072937,0.892114520072937,0.05168309807777405,0.9683182239532471,1.1681153774261475,4,diffusion,1.0,0.0500456839799881,0.00025439551890032465,0.00025439551890032465,high
74,D,0,1,187200,0.09533815830945969,0.32659265398979187,0.32659265398979187,0.13899321854114532,2.5251073837280273,1.1090167760849,4,diffusion,1.0,0.3509728014469147,0.0010879119313246673,0.0010879119313246673,mid
74,D,0,2,187200,0.09533815830945969,0.985421359539032,0.0,112.38493347167969,0.13322685658931732,4.451510429382324,4,endpoint,0.0008483179262839258,0.012701601721346378,1.3845911585628548e-06,0.0016321606742746614,high
74,D,0,3,187200,0.09533815830945969,0.9923276305198669,0.9322500824928284,0.15263667702674866,0.07008902728557587,2.1472246646881104,4,flow_map,0.6245675086975098,0.0066817207261919975,1.976405045046231e-05,3.164437819008357e-05,high
75,A,1,0,187200,0.09807265549898148,0.8797875046730042,0.8797875046730042,0.08116805553436279,1.0740721225738525,1.659008264541626,4,diffusion,1.0,0.08718034625053406,0.0003536251118701484,0.0003536251118701484,high
75,A,1,1,187200,0.09807265549898148,0.991372287273407,0.991372287273407,0.11497725546360016,0.07912011444568634,3.0259292125701904,4,diffusion,1.0,0.009097013622522354,3.100344527852326e-05,3.100344527852326e-05,high
75,A,1,2,187200,0.09807265549898148,0.8861402869224548,0.0,8.551602363586426,1.0216058492660522,1.3591153621673584,4,endpoint,0.01146832387894392,0.10019148141145706,3.959352346357114e-05,0.0034524245985296654,high
75,A,1,3,187200,0.09807265549898148,0.9826369285583496,0.9335141777992249,0.14446315169334412,0.15842944383621216,1.6063774824142456,4,flow_map,0.6788296103477478,0.015536520630121231,4.723808685464239e-05,6.95875461744273e-05,high
76,D,1,0,187200,0.0814218521118164,0.7702280879020691,0.7702280879020691,0.08026179671287537,1.9401322603225708,0.8905996680259705,4,diffusion,1.0,0.15571850538253784,0.0006351888383731902,0.0006351888383731902,high
76,D,1,1,187200,0.0814218521118164,0.9729032516479492,0.9729032516479492,0.08258190751075745,0.2463703751564026,1.821324110031128,4,diffusion,1.0,0.020345736294984818,8.181784228933551e-05,8.181784228933551e-05,high
76,D,1,2,187200,0.0814218521118164,0.8908213376998901,0.0,7.321784019470215,0.9787432551383972,1.2722461223602295,4,endpoint,0.011120478622615337,0.07969097793102264,3.403437665120753e-05,0.00306051365289197,high
76,D,1,3,187200,0.0814218521118164,0.9048588275909424,0.8534461259841919,0.09291972219944,0.857642412185669,0.904575526714325,4,flow_map,0.8761658668518066,0.06982331722974777,0.00026470589510668453,0.0003021184745050751,high
77,A,2,0,74880,0.0651057306677103,0.5193794965744019,0.5193794965744019,0.07300011813640594,2.953282594680786,0.5368161201477051,4,diffusion,1.0,0.2155899852514267,0.0014579877458043514,0.0014579877458043514,mid
77,A,2,1,74880,0.0651057306677103,0.9229438304901123,0.9229438304901123,0.057211343199014664,0.6961700320243835,0.713661253452301,4,diffusion,1.0,0.039828822016716,0.0003042590345555105,0.0003042590345555105,high
77,A,2,2,74880,0.0651057306677103,0.8773962259292603,0.0,11.87873649597168,1.0934878587722778,1.0822995901107788,4,endpoint,0.005480858497321606,0.07119226455688477,3.774285649908022e-05,0.006886303763821756,high
77,A,2,3,74880,0.0651057306677103,0.8485302329063416,0.6295987367630005,0.1736270934343338,1.338549017906189,0.3815765976905823,4,flow_map,0.37495288252830505,0.08714219182729721,0.0003821261955058736,0.0010191312383817373,high
78,D,2,0,74880,0.2057468220591545,0.12949568033218384,0.12949568033218384,0.3411485552787781,1.1343713998794556,1.130443811416626,4,diffusion,1.0,0.38698917627334595,0.0012106375024073428,0.0012106375024073428,low
78,D,2,1,74880,0.2057468220591545,0.9709786176681519,0.9709786176681519,0.07034508883953094,0.264530748128891,0.6063529253005981,4,diffusion,1.0,0.018608439713716507,0.00012819767175472046,0.00012819767175472046,high
78,D,2,2,74880,0.2057468220591545,0.3402630388736725,0.0,0.5675155520439148,2.5800232887268066,0.4593361020088196,4,endpoint,0.3625331521034241,0.5308222770690918,0.0012875002539869725,0.0035514000485662406,mid
78,D,2,3,74880,0.2057468220591545,0.9910639524459839,0.8829480409622192,0.11382853239774704,0.08186401426792145,0.5363284945487976,4,flow_map,1.8073567152023315,0.01684178225696087,9.121149384436298e-05,5.046679113046699e-05,high
79,A,0,0,187200,0.08648938313126564,0.9815918207168579,0.9815918207168579,0.11465346813201904,0.16822047531604767,3.011704921722412,4,diffusion,1.0,0.01928706094622612,6.58247981425857e-05,6.58247981425857e-05,high
79,A,0,1,187200,0.08648938313126564,0.9041346311569214,0.9041346311569214,0.05832529813051224,0.8637937903404236,1.4165501594543457,4,diffusion,1.0,0.05038103088736534,0.00024107692510469292,0.00024107692510469292,high
79,A,0,2,187200,0.08648938313126564,0.8305079936981201,0.0,3.844844341278076,1.483141541481018,0.9316254258155823,4,endpoint,0.022494839504361153,0.12827566266059875,7.560002887177108e-05,0.003360772094289192,high
79,A,0,3,187200,0.08648938313126564,0.7437315583229065,0.20932148396968842,4.075058937072754,2.1150498390197754,1.5510046482086182,4,flow_map,0.02122402936220169,0.1829289048910141,0.00010472068457691183,0.0049340623681670475,high
80,D,0,0,187200,0.08890227042138577,0.36008068919181824,0.36008068919181824,0.12497176975011826,2.6753921508789062,1.059152603149414,4,diffusion,1.0,0.33434849977493286,0.0010929756604565715,0.0010929756604565715,mid
80,D,0,1,187200,0.08890227042138577,0.7826337814331055,0.7826337814331055,0.052832771092653275,1.8476070165634155,0.9111195802688599,4,diffusion,1.0,0.09761419892311096,0.0004907704214556041,0.0004907704214556041,high
80,D,0,2,187200,0.08890227042138577,0.6418452858924866,0.0,0.9797337055206299,2.6624817848205566,0.6042097210884094,4,endpoint,0.09074033051729202,0.23669825494289398,0.00027634913455692014,0.003045494026542667,mid
80,D,0,3,187200,0.08890227042138577,0.8863007426261902,0.6454517841339111,0.2259427309036255,1.0179616212844849,0.7163591980934143,4,flow_map,0.3934551775455475,0.09049509465694427,0.0002200102620628264,0.0005591749063649249,high
81,A,1,0,187200,0.08993785455822945,0.9555423855781555,0.9555423855781555,0.10518623143434525,0.4041021764278412,2.771577835083008,4,diffusion,1.0,0.042505983263254166,0.00015145643127870774,0.00015145643127870774,high
81,A,1,1,187200,0.08993785455822945,0.8938566446304321,0.8938566446304321,0.07468947768211365,0.9545929431915283,1.8262176513671875,4,diffusion,1.0,0.07129804790019989,0.00030148451655500003,0.00030148451655500003,high
81,A,1,2,187200,0.08993785455822945,0.778237521648407,0.0,2.463688850402832,1.8826481103897095,0.8110727071762085,4,endpoint,0.036505211144685745,0.16932062804698944,0.00012466198233843532,0.003414909226092314,high
81,A,1,3,187200,0.08993785455822945,0.9648616909980774,0.18577750027179718,20.56402015686035,0.31992557644844055,2.463017702102661,4,flow_map,0.004373551812022924,0.02877340465784073,7.332538121898624e-06,0.001676563680288736,high
82,D,1,0,187200,0.0811961479485035,0.9269692301750183,0.9269692301750183,0.07887688279151917,0.6615584492683411,1.8412367105484009,4,diffusion,1.0,0.0521816685795784,0.00021471390580555597,0.00021471390580555597,high
82,D,1,1,187200,0.0811961479485035,0.9972538948059082,0.9972538948059082,0.08351541310548782,0.025067631155252457,3.058929920196533,4,diffusion,1.0,0.002093533519655466,8.371700729592962e-06,8.371700729592962e-06,high
82,D,1,2,187200,0.0811961479485035,0.9964622259140015,0.0,275.111328125,0.0323932021856308,7.009214401245117,4,endpoint,0.000295139238005504,0.002630203031003475,1.8325344691556126e-07,0.0006209050621461041,high
82,D,1,3,187200,0.0811961479485035,0.6699414253234863,0.5342788696289062,0.1321030557155609,2.53473162651062,0.6167503595352173,4,flow_map,0.6145959496498108,0.20579487085342407,0.0006543275274568877,0.00106464666392565,mid
83,A,2,0,74880,0.054332343861460686,0.9641538858413696,0.9641538858413696,0.05426575616002083,0.3272404074668884,0.6828278303146362,4,diffusion,1.0,0.017757948487997055,0.0001392890385754306,0.0001392890385754306,high
83,A,2,1,74880,0.054332343861460686,0.6604750752449036,0.6604750752449036,0.05439893156290054,2.586317300796509,0.46099209785461426,4,diffusion,1.0,0.14069290459156036,0.0011022093134187697,0.0011022093134187697,mid
83,A,2,2,74880,0.054332343861460686,0.9972603917121887,0.0,146.30845642089844,0.025067631155252457,3.335700273513794,4,endpoint,0.0003713547484949231,0.0013619830133393407,2.0574253101524364e-07,0.0005540323150548226,high
83,A,2,3,74880,0.054332343861460686,0.8005434274673462,0.6678587198257446,0.06948351860046387,1.7141684293746948,0.30422359704971313,4,flow_map,0.781833291053772,0.09312138706445694,0.0006454990971333646,0.0008256224242681542,high
84,D,2,0,74880,0.07170793786644936,0.7314743399620056,0.7314743399620056,0.073845274746418,2.195363759994507,0.46613991260528564,4,diffusion,1.0,0.16211724281311035,0.0010900713681583315,0.0010900713681583315,high
84,D,2,1,74880,0.07170793786644936,0.7801524996757507,0.7801524996757507,0.06957060098648071,1.868550181388855,0.47390222549438477,4,diffusion,1.0,0.1299961656332016,0.00090054356999661,0.00090054356999661,high
84,D,2,2,74880,0.07170793786644936,0.978826642036438,0.0,57.69703674316406,0.19298772513866425,2.1849353313446045,4,endpoint,0.0012428354239091277,0.013838748447597027,3.3289490708007684e-06,0.002678511576641519,high
84,D,2,3,74880,0.07170793786644936,0.9917013645172119,0.941155195236206,0.07914506644010544,0.07548535615205765,0.45272308588027954,4,flow_map,0.9059171676635742,0.0054122149012982845,3.515201369773347e-05,3.8802679706791575e-05,high
85,A,0,0,187200,0.06353040039539337,0.595697283744812,0.595697283744812,0.06728632748126984,2.825655698776245,0.8503648638725281,4,diffusion,1.0,0.19012799859046936,0.0008470318429626778,0.0008470318429626778,mid
85,A,0,1,187200,0.06353040039539337,0.8959149718284607,0.8959149718284607,0.05977447330951691,0.9343688488006592,2.1303226947784424,4,diffusion,1.0,0.05585140734910965,0.00026399354756255743,0.00026399354756255743,high
85,A,0,2,187200,0.06353040039539337,0.9653626680374146,0.0,47.57090759277344,0.3155779540538788,2.9875409603118896,4,endpoint,0.0013354881666600704,0.02004878968000412,3.359189477655556e-06,0.0025153270253652424,high
85,A,0,3,187200,0.06353040039539337,0.8841599822044373,0.7443296313285828,0.32852694392204285,1.0363188982009888,1.4500799179077148,4,flow_map,0.1933736801147461,0.06583574414253235,0.0001327374161259536,0.0006864295908687702,high
86,D,0,0,187200,0.059351587668061256,0.9798071980476379,0.9798071980476379,0.06619668751955032,0.18384230136871338,2.423773765563965,4,diffusion,1.0,0.012169751338660717,5.466138845682714e-05,5.466138845682714e-05,high
86,D,0,1,187200,0.059351587668061256,0.7391682863235474,0.7391682863235474,0.05250648781657219,2.1468820571899414,0.8824598789215088,4,diffusion,1.0,0.11272523552179337,0.0005685016807928404,0.0005685016807928404,high
86,D,0,2,187200,0.059351587668061256,0.8800002336502075,0.0,5.152090549468994,1.0740721225738525,1.0541911125183105,4,endpoint,0.011519880965352058,0.06374775618314743,3.245564631393256e-05,0.0028173595206016687,high
86,D,0,3,187200,0.059351587668061256,0.8831295371055603,0.66959148645401,0.23577724397182465,1.0474975109100342,0.8301639556884766,4,flow_map,0.2517167031764984,0.06216800585389137,0.0001479561630534187,0.0005877884192280835,high
87,A,1,0,187200,0.10166284814476967,0.9993593096733093,0.9993593096733093,0.12802894413471222,0.006128031760454178,6.425844669342041,4,diffusion,1.0,0.0007845654617995024,2.5339157534788306e-06,2.5339157534788306e-06,high
87,A,1,1,187200,0.10166284814476967,0.8801651000976562,0.8801651000976562,0.07529675215482712,1.0702333450317383,1.808791995048523,4,diffusion,1.0,0.08058509230613708,0.0003393779969591669,0.0003393779969591669,high
87,A,1,2,187200,0.10166284814476967,0.9777764081954956,0.0,43.03861618041992,0.20229947566986084,2.8401660919189453,4,endpoint,0.0023621302098035812,0.020566334947943687,3.6228038677591054e-06,0.001533702017239919,high
87,A,1,3,187200,0.10166284814476967,0.866296648979187,0.8030365109443665,0.09963987022638321,1.1877110004425049,1.0056849718093872,4,flow_map,1.020200490951538,0.12073396146297455,0.0004420078330917045,0.0004332558521702387,high
88,D,1,0,187200,0.08278901502490044,0.9606041312217712,0.9606041312217712,0.08160658180713654,0.35899558663368225,2.3034372329711914,4,diffusion,1.0,0.029296401888132095,0.00011851376230074303,0.00011851376230074303,high
88,D,1,1,187200,0.08278901502490044,0.8539537191390991,0.8539537191390991,0.08397144824266434,1.2907397747039795,0.9027898907661438,4,diffusion,1.0,0.10838528722524643,0.0004322366584631131,0.0004322366584631131,high
88,D,1,2,187200,0.08278901502490044,0.9724055528640747,0.0,116.26698303222656,0.25149857997894287,4.629108428955078,4,endpoint,0.000712059554643929,0.02082131989300251,2.2315012751913484e-06,0.0031338688746438185,high
88,D,1,3,187200,0.08278901502490044,0.9338549971580505,0.8670824766159058,0.10048136115074158,0.5989276766777039,1.0923595428466797,4,flow_map,0.8238421678543091,0.04957970231771469,0.0001807499711471979,0.00021939878559258492,high
89,A,2,0,74880,0.05594930984079838,0.9954280257225037,0.9954280257225037,0.05904651805758476,0.04151799902319908,1.1249170303344727,4,diffusion,1.0,0.0024514931719750166,1.843404516056769e-05,1.843404516056769e-05,high
89,A,2,1,74880,0.05594930984079838,0.7282798290252686,0.7282798290252686,0.05285210162401199,2.211711883544922,0.47491782903671265,4,diffusion,1.0,0.11689361929893494,0.0009290664312773629,0.0009290664312773629,high
89,A,2,2,74880,0.05594930984079838,0.9990704655647278,0.0,655.43994140625,0.008450030349195004,7.076191425323486,4,endpoint,8.53614546940662e-05,0.0004727733612526208,3.3742217015792954e-08,0.0003952863401487757,high
89,A,2,3,74880,0.05594930984079838,0.9355881810188293,0.8043163418769836,0.16337886452674866,0.5835157036781311,0.6832425594329834,4,flow_map,0.34243035316467285,0.03264530003070831,0.0001475739919350902,0.00043096060431337607,high
90,D,2,0,74880,0.11188200116157532,0.9852728247642517,0.9852728247642517,0.07097402215003967,0.13425177335739136,0.7998400330543518,4,diffusion,1.0,0.009528388269245625,6.535169052128726e-05,6.535169052128726e-05,high
90,D,2,1,74880,0.11188200116157532,0.3771362900733948,0.3771362900733948,0.15278998017311096,2.7353694438934326,0.6809588074684143,4,diffusion,1.0,0.4179370403289795,0.0019536668839423912,0.0019536668839423912,mid
90,D,2,2,74880,0.11188200116157532,0.8926291465759277,0.0,15.925948143005371,0.9648681879043579,1.2101516723632812,4,endpoint,0.00702513474971056,0.107951320707798,4.9426787206463986e-05,0.007035706640146711,high
90,D,2,3,74880,0.11188200116157532,0.9717792868614197,0.9399763941764832,0.07104192674160004,0.25667476654052734,0.5442565083503723,4,flow_map,1.5746512413024902,0.028713244944810867,0.00019683938876827954,0.00012500507007854111,high
91,A,0,0,187200,0.10537919402122498,0.992414116859436,0.992414116859436,0.11240390688180923,0.06919501721858978,2.7989792823791504,4,diffusion,1.0,0.007777790073305368,2.680912299181948e-05,2.680912299181948e-05,high
91,A,0,1,187200,0.10537919402122498,0.9919382929801941,0.9919382929801941,0.09835448116064072,0.0736798495054245,3.0289788246154785,4,diffusion,1.0,0.0072467434220016,2.6703174151528117e-05,2.6703174151528117e-05,high
91,A,0,2,187200,0.10537919402122498,0.42731693387031555,0.0,0.7518434524536133,2.8849785327911377,0.7718855142593384,4,endpoint,0.1401592195034027,0.3040126860141754,0.00040517724713464424,0.002890835498158632,mid
91,A,0,3,187200,0.10537919402122498,0.8275481462478638,0.7010049819946289,0.09860396385192871,1.5051747560501099,0.7390820980072021,4,flow_map,1.0686031579971313,0.15859802067279816,0.0005836703718479157,0.0005461993701589666,high
92,D,0,0,187200,0.07225991412997246,0.6438507437705994,0.6438507437705994,0.06379461288452148,2.6541264057159424,0.7470232844352722,4,diffusion,1.0,0.16931897401809692,0.0007746948843134763,0.0007746948843134763,mid
92,D,0,1,187200,0.07225991412997246,0.5324799418449402,0.5324799418449402,0.08072521537542343,2.9428608417510986,0.7771724462509155,4,diffusion,1.0,0.23756307363510132,0.0009662542442347224,0.0009662542442347224,mid
92,D,0,2,187200,0.07225991412997246,0.8975056409835815,0.0,12.051933288574219,0.9211272597312927,1.623784065246582,4,endpoint,0.005995707120746374,0.0665605291724205,2.215672088647049e-05,0.0036954308207957152,high
92,D,0,3,187200,0.07225991412997246,0.9946339726448059,0.7675720453262329,1.8169196844100952,0.04913006350398064,2.397371530532837,4,flow_map,0.03977034240961075,0.0035501145757734776,3.0436282245034377e-06,7.653009856329339e-05,high
93,A,1,0,187200,0.1329864002764225,0.9705979824066162,0.9705979824066162,0.11959464102983475,0.2685026526451111,2.2946832180023193,4,diffusion,1.0,0.032111477106809616,0.00010730538634993355,0.00010730538634993355,high
93,A,1,1,187200,0.1329864002764225,0.3393767476081848,0.3393767476081848,0.14637815952301025,2.5800232887268066,0.920637309551239,4,diffusion,1.0,0.37765905261039734,0.0011407194574323853,0.0011407194574323853,mid
93,A,1,2,187200,0.1329864002764225,0.4615831971168518,0.0,0.8736184239387512,2.938978910446167,0.7709123492240906,4,endpoint,0.15222306549549103,0.39083975553512573,0.0004832311340106033,0.0031744935134348415,mid
93,A,1,3,187200,0.1329864002764225,0.7940129637718201,0.08969054371118546,4.1342034339904785,1.7662675380706787,1.1550862789154053,4,flow_map,0.03216727823019028,0.2348889708518982,0.00013350078103442373,0.00415020444313277,high
94,D,1,0,187200,0.07925084978342056,0.9976302981376648,0.9976302981376648,0.0767388567328453,0.021852074190974236,3.7452926635742188,4,diffusion,1.0,0.0016769032226875424,6.995478253128864e-06,6.995478253128864e-06,high
94,D,1,1,187200,0.07925084978342056,0.9773303270339966,0.9773303270339966,0.08176284283399582,0.2070201337337494,2.274684190750122,4,diffusion,1.0,0.016926554962992668,6.840812051291372e-05,6.840812051291372e-05,high
94,D,1,2,187200,0.07925084978342056,0.9209497570991516,0.0,9.701059341430664,0.7140627503395081,1.395890712738037,4,endpoint,0.008169290609657764,0.05659002810716629,2.099652322820376e-05,0.0025701770485899466,high
94,D,1,3,187200,0.07925084978342056,0.9969422221183777,0.9560514688491821,0.14074189960956573,0.027494991198182106,2.3857200145721436,4,flow_map,0.5630534887313843,0.002178846625611186,6.711692102340303e-06,1.1920167864446442e-05,high
95,A,2,0,74880,0.04738842882215977,0.8825308084487915,0.8825308084487915,0.044259995222091675,1.0512511730194092,0.6581730246543884,4,diffusion,1.0,0.046528372913599014,0.0004041096870907642,0.0004041096870907642,high
95,A,2,1,74880,0.04738842882215977,0.9743053317070007,0.9743053317070007,0.05051686242222786,0.23375876247882843,1.1133861541748047,4,diffusion,1.0,0.011808759532868862,9.600042824185496e-05,9.600042824185496e-05,high
95,A,2,2,74880,0.04738842882215977,0.9088693261146545,0.0,22.7648868560791,0.8216140270233154,1.4177942276000977,4,endpoint,0.002081644721329212,0.03893497958779335,1.4910571487003904e-05,0.007162880069891521,high
95,A,2,3,74880,0.04738842882215977,0.9946935772895813,0.660114586353302,0.595707893371582,0.048276856541633606,0.5885855555534363,4,flow_map,0.0795484334230423,0.002287725917994976,5.415946669604711e-06,6.808363705671553e-05,high
96,D,2,0,74880,0.06645302474498749,0.9575816988945007,0.9575816988945007,0.06922686100006104,0.3859875500202179,0.6289325952529907,4,diffusion,1.0,0.02672070637345314,0.0001855656994899753,0.0001855656994899753,high
96,D,2,1,74880,0.06645302474498749,0.8942628502845764,0.8942628502845764,0.06367918848991394,0.951191782951355,0.5469043850898743,4,diffusion,1.0,0.06057111918926239,0.0004385851637479927,0.0004385851637479927,high
96,D,2,2,74880,0.06645302474498749,0.9728010296821594,0.0,34.181156158447266,0.24764816462993622,1.6115010976791382,4,endpoint,0.001944141462445259,0.01645696349442005,5.143318713464597e-06,0.0026455475657597197,high
96,D,2,3,74880,0.06645302474498749,0.9606727361679077,0.14874400198459625,10.287657737731934,0.35744476318359375,1.0686076879501343,4,flow_map,0.006459484342485666,0.023753264918923378,1.353169276547617e-05,0.002094856500614886,high
97,A,0,0,187200,0.0687965378165245,0.9242540597915649,0.9242540597915649,0.07468041777610779,0.6861248016357422,1.701720118522644,4,diffusion,1.0,0.05124008655548096,0.0002166823663379094,0.0002166823663379094,high
97,A,0,1,187200,0.0687965378165245,0.9098277688026428,0.9098277688026428,0.06291265785694122,0.8128349184989929,2.0462191104888916,4,diffusion,1.0,0.05113760381937027,0.00023560714183196534,0.00023560714183196534,high
97,A,0,2,187200,0.0687965378165245,0.9018823504447937,0.0,6.212199687957764,0.8825047016143799,1.1255145072937012,4,endpoint,0.011074407026171684,0.06071316823363304,2.8149928435188174e-05,0.0025418903575299898,high
97,A,0,3,187200,0.0687965378165245,0.8912162184715271,0.5579447746276855,0.8207429051399231,0.9752564430236816,1.1565064191818237,4,flow_map,0.08382125198841095,0.06709344685077667,8.558420527819666e-05,0.0010210322948890032,high
98,D,0,0,187200,0.05108168534934521,0.9591641426086426,0.9591641426086426,0.053149595856666565,0.3715475797653198,1.6073623895645142,4,diffusion,1.0,0.019747603684663773,9.898776123269598e-05,9.898776123269598e-05,high
98,D,0,1,187200,0.05108168534934521,0.7882538437843323,0.7882538437843323,0.04901377484202385,1.806452989578247,0.8803956508636475,4,diffusion,1.0,0.08854108303785324,0.00046217113919756536,0.00046217113919756536,high
98,D,0,2,187200,0.05108168534934521,0.9831529855728149,0.0,147.18548583984375,0.15413784980773926,5.137476444244385,4,endpoint,0.0003470565134193748,0.00787361990660429,7.499962136424924e-07,0.0021610204235994698,high
98,D,0,3,187200,0.05108168534934521,0.7688335180282593,0.25868314504623413,0.7917771935462952,1.9474412202835083,0.7070133686065674,4,flow_map,0.0645144134759903,0.09947732836008072,0.00012919320959402589,0.002002547998705847,high
99,A,1,0,187200,0.0859518051147461,0.9364086985588074,0.9364086985588074,0.10100815445184708,0.5770083665847778,1.9564563035964966,4,diffusion,1.0,0.05828255042433739,0.0002119226668962575,0.0002119226668962575,high
99,A,1,1,187200,0.0859518051147461,0.9028992056846619,0.9028992056846619,0.07089545577764511,0.8731001615524292,1.4573990106582642,4,diffusion,1.0,0.06189883500337601,0.000268652168318707,0.000268652168318707,high
99,A,1,2,187200,0.0859518051147461,0.699850857257843,0.0,2.070617198944092,2.379580497741699,0.8027456402778625,4,endpoint,0.04151003435254097,0.20452824234962463,0.0001642557132341413,0.003957012221168799,high
99,A,1,3,187200,0.0859518051147461,0.8605090975761414,0.5351752042770386,0.7649655938148499,1.2358237504959106,1.123964548110962,4,flow_map,0.11235888302326202,0.10621989518404007,0.00014034662836054162,0.001249092413382974,high
100,D,1,0,187200,0.07792868837714195,0.9947972297668457,0.9947972297668457,0.08350901305675507,0.04742589220404625,2.683143377304077,4,diffusion,1.0,0.003960489295423031,1.583796093779857e-05,1.583796093779857e-05,high
100,D,1,1,187200,0.07792868837714195,0.9429117441177368,0.9429117441177368,0.07234836369752884,0.5189763307571411,2.0713024139404297,4,diffusion,1.0,0.03754708915948868,0.00016131657395954666,0.00016131657395954666,high
100,D,1,2,187200,0.07792868837714195,0.7096298933029175,0.0,3.3596901893615723,2.3284852504730225,1.034058690071106,4,endpoint,0.023195132613182068,0.18145526945590973,0.00011440290403856282,0.0049321944369288195,high
100,D,1,3,187200,0.07792868837714195,0.7583074569702148,0.677346408367157,0.09575691819190979,2.0220236778259277,0.5788523554801941,4,flow_map,0.813732922077179,0.15755720436573029,0.0005883967785095638,0.0007230834129306089,high
101,A,2,0,74880,0.04591943882405758,0.8865096569061279,0.8865096569061279,0.04742690175771713,1.0179616212844849,0.5002784729003906,4,diffusion,1.0,0.04827876761555672,0.00040507073545912844,0.00040507073545912844,high
101,A,2,1,74880,0.04591943882405758,0.8029762506484985,0.8029762506484985,0.044411975890398026,1.695061206817627,0.49163204431533813,4,diffusion,1.0,0.07528101652860641,0.0006527133852248468,0.0006527133852248468,high
101,A,2,2,74880,0.04591943882405758,0.9790146350860596,0.0,20.2703857421875,0.19183680415153503,1.2447391748428345,4,endpoint,0.002265345072373748,0.008809034712612629,3.5750686847729046e-06,0.001578156338463155,high
101,A,2,3,74880,0.04591943882405758,0.8107060790061951,0.13010810315608978,2.4261584281921387,1.6391206979751587,0.6117605566978455,4,flow_map,0.01892673224210739,0.07526719570159912,8.829441581396626e-05,0.004665063925696196,high
102,D,2,0,74880,0.08849860355257988,0.9385486245155334,0.9385486245155334,0.06823749095201492,0.5578315854072571,0.6781231164932251,4,diffusion,1.0,0.03806502744555473,0.0002662574157372465,0.0002662574157372465,high
102,D,2,1,74880,0.08849860355257988,0.514663815498352,0.514663815498352,0.10875971615314484,2.956739902496338,0.4735729396343231,4,diffusion,1.0,0.3215741813182831,0.0017816986114857626,0.0017816986114857626,mid
102,D,2,2,74880,0.08849860355257988,0.5164275765419006,0.0,0.566892147064209,2.9551665782928467,0.3393038511276245,4,endpoint,0.15610913932323456,0.2615235149860382,0.0006346694628265836,0.004065549689006084,mid
102,D,2,3,74880,0.08849860355257988,0.963866651058197,0.6220614314079285,0.3633033335208893,0.3287150263786316,0.43743449449539185,4,flow_map,0.24358755350112915,0.029090020805597305,8.818534709689404e-05,0.00036202731145080965,high
103,A,0,0,187200,0.0887763723731041,0.4075036346912384,0.4075036346912384,0.10617862641811371,2.8293850421905518,0.9614706635475159,4,diffusion,1.0,0.30042022466659546,0.0010654367843585962,0.0010654367843585962,mid
103,A,0,1,187200,0.0887763723731041,0.9624905586242676,0.9624905586242676,0.07137411832809448,0.34215113520622253,2.821002960205078,4,diffusion,1.0,0.024420736357569695,0.00010563441843177401,0.00010563441843177401,high
103,A,0,2,187200,0.0887763723731041,0.8937392830848694,0.0,7.667266368865967,0.9545929431915283,1.298062801361084,4,endpoint,0.011578606441617012,0.08474519103765488,3.536811139915646e-05,0.003054608650660478,high
103,A,0,3,187200,0.0887763723731041,0.8847148418426514,0.8132568597793579,0.09907376766204834,1.0326199531555176,1.1496413946151733,4,flow_map,0.8959729075431824,0.09166299551725388,0.00033653621961631474,0.0003756098167511778,high
104,D,0,0,187200,0.05499643087387085,0.9971786737442017,0.9971786737442017,0.06309263408184052,0.025875555351376534,3.2466931343078613,4,diffusion,1.0,0.0016325569013133645,7.510971107262926e-06,7.510971107262926e-06,high
104,D,0,1,187200,0.05499643087387085,0.8708932399749756,0.8708932399749756,0.046900227665901184,1.1498466730117798,1.4675750732421875,4,diffusion,1.0,0.05392806977033615,0.00028776931999101193,0.00028776931999101193,high
104,D,0,2,187200,0.05499643087387085,0.5966944694519043,0.0,0.7461475133895874,2.818650245666504,0.5667522549629211,4,endpoint,0.07370619475841522,0.15501362085342407,0.00020738369588290976,0.0028136535410984874,mid
104,D,0,3,187200,0.05499643087387085,0.8339645266532898,0.6599463820457458,0.12068445980548859,1.4560997486114502,0.6468135714530945,4,flow_map,0.45566657185554504,0.08007365465164185,0.00026636738916044567,0.0005845664475139273,high
105,A,1,0,187200,0.06974804773926735,0.8731244206428528,0.8731244206428528,0.07417324930429459,1.1334357261657715,1.2900402545928955,4,diffusion,1.0,0.0840706080198288,0.00035672835569427086,0.00035672835569427086,high
105,A,1,1,187200,0.06974804773926735,0.7750526070594788,0.7750526070594788,0.06532284617424011,1.9040002822875977,0.9409299492835999,4,diffusion,1.0,0.12437471747398376,0.0005623628718598517,0.0005623628718598517,high
105,A,1,2,187200,0.06974804773926735,0.956555187702179,0.0,27.509807586669922,0.3958023488521576,2.3142778873443604,4,endpoint,0.00253538740798831,0.027606431394815445,6.082520128114202e-06,0.0023990495925592476,high
105,A,1,3,187200,0.06974804773926735,0.8356532454490662,0.5616519451141357,0.6300367116928101,1.4401367902755737,1.1337225437164307,4,flow_map,0.11070296913385391,0.10044512897729874,0.00014623893800059625,0.0013210028524508215,high
106,D,1,0,187200,0.19668809697031975,0.9967507719993591,0.9967507719993591,0.07552575320005417,0.02993669919669628,2.683058261871338,4,diffusion,1.0,0.0022609918378293514,9.5075480346801e-06,9.5075480346801e-06,high
106,D,1,1,187200,0.19668809697031975,0.1536385864019394,0.1536385864019394,0.3178504407405853,1.3622093200683594,1.4713060855865479,4,diffusion,1.0,0.4329788386821747,0.0008875081266814794,0.0008875081266814794,low
106,D,1,2,187200,0.19668809697031975,0.9194899201393127,0.0,15.399845123291016,0.7270931005477905,1.8553211688995361,4,endpoint,0.012772074900567532,0.1430104672908783,4.211402388083574e-05,0.0032973517778982324,high
106,D,1,3,187200,0.19668809697031975,0.9662362337112427,0.9381482601165771,0.10367944836616516,0.306983083486557,2.273724317550659,4,flow_map,1.8968960046768188,0.060374096035957336,0.00021668127724175197,0.00011422939196852215,high
107,A,2,0,74880,0.053943928331136703,0.8615771532058716,0.8615771532058716,0.050559308379888535,1.2269213199615479,0.5037980675697327,4,diffusion,1.0,0.062032293528318405,0.0005040856818910503,0.0005040856818910503,high
107,A,2,1,74880,0.053943928331136703,0.9832570552825928,0.9832570552825928,0.05732854828238487,0.15307122468948364,0.7566827535629272,4,diffusion,1.0,0.008775350637733936,6.696781290177114e-05,6.696781290177114e-05,high
107,A,2,2,74880,0.053943928331136703,0.3302704989910126,0.0,0.4387189745903015,2.5251073837280273,0.4670325219631195,4,endpoint,0.12295500934123993,0.136211097240448,0.0003757563897011234,0.0030560478317583455,mid
107,A,2,3,74880,0.053943928331136703,0.44983699917793274,0.2965160012245178,0.12475158274173737,2.923224449157715,0.3401133120059967,4,flow_map,0.43237611651420593,0.157677561044693,0.0008157066022656027,0.0018865672064446747,mid
108,D,2,0,74880,0.06886578723788261,0.8639018535614014,0.8639018535614014,0.07003416866064072,1.2093236446380615,0.4935217499732971,4,diffusion,1.0,0.08469397574663162,0.0005847693743545713,0.0005847693743545713,high
108,D,2,1,74880,0.06886578723788261,0.9915130734443665,0.9915130734443665,0.06769740581512451,0.0772998183965683,0.795484185218811,4,diffusion,1.0,0.005232997238636017,3.674951174754572e-05,3.674951174754572e-05,high
108,D,2,2,74880,0.06886578723788261,0.9923834204673767,0.0,94.86862182617188,0.06919501721858978,2.6413066387176514,4,endpoint,0.0007259068661369383,0.004765169229358435,8.939312266994625e-07,0.00123146820673663,high
108,D,2,3,74880,0.06886578723788261,0.9804121851921082,0.8211281895637512,0.17793792486190796,0.17820699512958527,0.5221099853515625,4,flow_map,0.3869996964931488,0.01227167621254921,5.315654175214416e-05,0.0001373555127661068,high
109,A,0,0,187200,0.1055620051920414,0.948605477809906,0.948605477809906,0.08434566110372543,0.46727901697158813,2.26257586479187,4,diffusion,1.0,0.039412956684827805,0.00015682840842088825,0.00015682840842088825,high
109,A,0,1,187200,0.1055620051920414,0.9667233824729919,0.9667233824729919,0.12677834928035736,0.3027336597442627,2.965085744857788,4,diffusion,1.0,0.03838007524609566,0.00012456623541945498,0.00012456623541945498,high
109,A,0,2,187200,0.1055620051920414,0.9784888029098511,0.0,69.6207504272461,0.19646063446998596,3.499739170074463,4,endpoint,0.0015162432100623846,0.02073877491056919,2.8723069133297554e-06,0.0018943576428029488,high
109,A,0,3,187200,0.1055620051920414,0.9959039688110352,0.7549304366111755,24.02802276611328,0.03734656050801277,8.72119140625,4,flow_map,0.0043932851403951645,0.003942376002669334,9.294287490898568e-07,0.00021155666417915618,high
110,D,0,0,187200,0.05745640955865383,0.9704875349998474,0.9704875349998474,0.06029892712831497,0.2685026526451111,2.3712289333343506,4,diffusion,1.0,0.0161904226988554,7.619394415376015e-05,7.619394415376015e-05,high
110,D,0,1,187200,0.05745640955865383,0.9632400870323181,0.9632400870323181,0.05461389198899269,0.3346480131149292,1.9113537073135376,4,diffusion,1.0,0.018276430666446686,9.03767867744151e-05,9.03767867744151e-05,high
110,D,0,2,187200,0.05745640955865383,0.872747004032135,0.0,7.76016092300415,1.1334357261657715,1.2986143827438354,4,endpoint,0.00740401353687048,0.0651230663061142,2.7015720063938676e-05,0.0036487939857762133,high
110,D,0,3,187200,0.05745640955865383,0.9466586112976074,0.913978636264801,0.05806511268019676,0.48407551646232605,1.1188656091690063,4,flow_map,0.9893465638160706,0.027808453887701035,0.00013336328544259724,0.00013479936184161126,high
111,A,1,0,187200,0.10132252052426338,0.9398882389068604,0.9398882389068604,0.0953902080655098,0.5453289151191711,2.528264284133911,4,diffusion,1.0,0.052019037306308746,0.00019463794300218838,0.00019463794300218838,high
111,A,1,1,187200,0.10132252052426338,0.9862866997718811,0.9862866997718811,0.10725483298301697,0.12510770559310913,3.063384532928467,4,diffusion,1.0,0.013418406248092651,4.7348865442080984e-05,4.7348865442080984e-05,high
111,A,1,2,187200,0.10132252052426338,0.9167409539222717,0.0,43.880794525146484,0.7510878443717957,3.1227104663848877,4,endpoint,0.002309039467945695,0.07610208541154861,1.3276280301623625e-05,0.005749698299195925,high
111,A,1,3,187200,0.10132252052426338,0.9498245120048523,0.4323892295360565,6.822490692138672,0.45631375908851624,2.151855945587158,4,flow_map,0.014851228334009647,0.04623479023575783,2.045570714575697e-05,0.0013773747656221096,high
112,D,1,0,187200,0.09161036089062691,0.553915798664093,0.553915798664093,0.10647539794445038,2.9150242805480957,0.7624980211257935,4,diffusion,1.0,0.31037837266921997,0.0010992181598604323,0.0010992181598604323,mid
112,D,1,1,187200,0.09161036089062691,0.9647908806800842,0.9647908806800842,0.07674532383680344,0.32138046622276306,2.4461686611175537,4,diffusion,1.0,0.02466444857418537,0.00010288747758326832,0.00010288747758326832,high
112,D,1,2,187200,0.09161036089062691,0.7203580141067505,0.0,1.9478126764297485,2.2612814903259277,0.7725958824157715,4,endpoint,0.0470321848988533,0.2071557492017746,0.00017153014647322548,0.0036470801184787733,high
112,D,1,3,187200,0.09161036089062691,0.9869260191917419,0.9714576005935669,0.083800308406353,0.1191074550151825,1.5749255418777466,4,flow_map,1.0930678844451904,0.010910174809396267,4.355379174193259e-05,3.984545915374618e-05,high
113,A,2,0,74880,0.049778467044234276,0.9635658860206604,0.9635658860206604,0.047349266707897186,0.33167457580566406,0.6878728866577148,4,diffusion,1.0,0.015704547986388206,0.00013187300348309564,0.00013187300348309564,high
113,A,2,1,74880,0.049778467044234276,0.9970721006393433,0.9970721006393433,0.052207667380571365,0.02668437734246254,1.6104449033737183,4,diffusion,1.0,0.0013931291177868843,1.1140669858845469e-05,1.1140669858845469e-05,high
113,A,2,2,74880,0.049778467044234276,0.9869190454483032,0.0,61.2597770690918,0.1191074550151825,2.230445146560669,4,endpoint,0.0008125798194669187,0.005928985308855772,1.384139204944714e-06,0.001703388604768401,high
113,A,2,3,74880,0.049778467044234276,0.9960653185844421,0.9925684332847595,0.06039378419518471,0.03568946197628975,0.8953121304512024,4,flow_map,0.8240952491760254,0.0017762727802619338,1.3206891784387044e-05,1.6025928795963818e-05,high
114,D,2,0,74880,0.19301820546388626,0.20947037637233734,0.20947037637233734,0.2451002299785614,1.8139938116073608,0.8721088171005249,4,diffusion,1.0,0.4446102976799011,0.0016409477282406041,0.0016409477282406041,low
114,D,2,1,74880,0.19301820546388626,0.4059638977050781,0.4059638977050781,0.14093618094921112,2.8293850421905518,0.5304048657417297,4,diffusion,1.0,0.3987627327442169,0.0019408429268520744,0.0019408429268520744,mid
114,D,2,2,74880,0.19301820546388626,0.9895596504211426,0.0,74.30411529541016,0.09489303082227707,2.3198440074920654,4,endpoint,0.002597678219899535,0.018316080793738365,3.882515437914604e-06,0.0014946098435797638,high
114,D,2,3,74880,0.19301820546388626,0.9988269805908203,0.8212560415267944,0.3261414170265198,0.010783237405121326,0.7905252575874329,4,flow_map,0.5918054580688477,0.002081297105178237,6.659140780715931e-06,1.1252246308179944e-05,high
115,A,0,0,187200,0.08812948502600193,0.8468228578567505,0.8468228578567505,0.05371738597750664,1.3532692193984985,1.0836836099624634,4,diffusion,1.0,0.0726940855383873,0.00036245886085670934,0.00036245886085670934,high
115,A,0,1,187200,0.08812948502600193,0.9843426942825317,0.9843426942825317,0.12254158407449722,0.1425265073776245,2.474804401397705,4,diffusion,1.0,0.01746542379260063,5.765732241304531e-05,5.765732241304531e-05,high
115,A,0,2,187200,0.08812948502600193,0.9057790637016296,0.0,9.864017486572266,0.8484970331192017,1.4461268186569214,4,endpoint,0.00893443264067173,0.07477753609418869,2.751447977463886e-05,0.0030796001135411995,high
115,A,0,3,187200,0.08812948502600193,0.9268344044685364,0.34707561135292053,2.675865650177002,0.6615584492683411,1.2103618383407593,4,flow_map,0.03293481841683388,0.05830258131027222,4.1188191975030144e-05,0.0012505972085146747,high
116,D,0,0,187200,0.177640151232481,0.1136966273188591,0.1136966273188591,0.3001943528652191,1.0536000728607178,2.0866856575012207,4,diffusion,1.0,0.31628480553627014,0.0006671049039877312,0.0006671049039877312,low
116,D,0,1,187200,0.177640151232481,0.9687849879264832,0.9687849879264832,0.05508594959974289,0.2846737205982208,2.5698587894439697,4,diffusion,1.0,0.015681521967053413,7.721201383723575e-05,7.721201383723575e-05,high
116,D,0,2,187200,0.177640151232481,0.9939289093017578,0.0,118.10615539550781,0.05514107644557953,4.584300518035889,4,endpoint,0.0015040718717500567,0.00979526899755001,1.0415909020609152e-06,0.0006925140491118794,high
116,D,0,3,187200,0.177640151232481,0.9567878246307373,0.9384269714355469,0.05386391282081604,0.392513245344162,1.4113717079162598,4,flow_map,3.2973315715789795,0.06971316784620285,0.0003471226630257573,0.0001052738117142196,high
117,A,1,0,187200,0.08707613125443459,0.9888951182365417,0.9888951182365417,0.1072327271103859,0.10154876857995987,3.355649709701538,4,diffusion,1.0,0.01088935136795044,3.8428675751063476e-05,3.8428675751063476e-05,high
117,A,1,1,187200,0.08707613125443459,0.9025646448135376,0.9025646448135376,0.06691953539848328,0.8762242794036865,1.6717594861984253,4,diffusion,1.0,0.05863652005791664,0.00026194422227832293,0.00026194422227832293,high
117,A,1,2,187200,0.08707613125443459,0.9767236113548279,0.0,239.4499969482422,0.21178071200847626,6.674496173858643,4,endpoint,0.0003636505571193993,0.01844104379415512,1.377194125044131e-06,0.003787136024081353,high
117,A,1,3,187200,0.08707613125443459,0.7223412394523621,0.10029944032430649,2.948542356491089,2.252967119216919,1.1186515092849731,4,flow_map,0.029531823471188545,0.19617898762226105,0.00013202795144782236,0.004470700956770575,high
118,D,1,0,187200,0.08025645837187767,0.6737784743309021,0.6737784743309021,0.08774987608194351,2.517467975616455,0.8538530468940735,4,diffusion,1.0,0.22090750932693481,0.0008617956402739471,0.0008617956402739471,mid
118,D,1,1,187200,0.08025645837187767,0.9141644239425659,0.9141644239425659,0.07276304066181183,0.7758008241653442,1.2115659713745117,4,diffusion,1.0,0.05644962564110756,0.00024183699535750282,0.00024183699535750282,high
118,D,1,2,187200,0.08025645837187767,0.9393039345741272,0.0,43.22634506225586,0.5515528917312622,2.9346396923065186,4,endpoint,0.001856655697338283,0.04426567256450653,7.78054252315747e-06,0.004190622167756639,high
118,D,1,3,187200,0.08025645837187767,0.9734370112419128,0.9301744103431702,0.12152272462844849,0.24255672097206116,2.5362675189971924,4,flow_map,0.6603691577911377,0.019465142861008644,6.45276613917348e-05,9.77145292605317e-05,high
119,A,2,0,74880,0.051997920498251915,0.9990275502204895,0.9990275502204895,0.051367782056331635,0.009225673973560333,2.812577247619629,4,diffusion,1.0,0.00047390241525135934,3.820591424965009e-06,3.820591424965009e-06,high
119,A,2,1,74880,0.051997920498251915,0.978456974029541,0.978456974029541,0.052628058940172195,0.19646063446998596,0.6987168788909912,4,diffusion,1.0,0.010339342057704926,8.235146034252321e-05,8.235146034252321e-05,high
119,A,2,2,74880,0.051997920498251915,0.9777795076370239,0.0,50.38010025024414,0.20229947566986084,2.0376219749450684,4,endpoint,0.001032112049870193,0.010519149713218212,2.7079348142509935e-06,0.0026236829756919955,high
119,A,2,3,74880,0.051997920498251915,0.8116273880004883,0.8024545311927795,0.04253184795379639,1.6330307722091675,0.3205696642398834,4,flow_map,1.222277045249939,0.08489424735307693,0.0007521565415500427,0.0006153732040318542,high
120,D,2,0,74880,0.06645701080560684,0.9713778495788574,0.9713778495788574,0.06497218459844589,0.2605888545513153,0.6326779127120972,4,diffusion,1.0,0.01693102717399597,0.00012136868825540098,0.00012136868825540098,high
120,D,2,1,74880,0.06645701080560684,0.988764762878418,0.988764762878418,0.06794183701276779,0.10250778496265411,0.8934822678565979,4,diffusion,1.0,0.006964567117393017,4.882166408243175e-05,4.882166408243175e-05,high
120,D,2,2,74880,0.06645701080560684,0.6718760132789612,0.0,1.0778568983078003,2.526102304458618,0.3869659900665283,4,endpoint,0.06165604665875435,0.16787564754486084,0.00029545697628174006,0.004792019474050872,mid
120,D,2,3,74880,0.06645701080560684,0.8524347543716431,0.8152735233306885,0.06536620110273361,1.3048830032348633,0.392312228679657,4,flow_map,1.0165321826934814,0.08670536428689957,0.0006196642142241326,0.0006095864201586052,high
121,A,0,0,187200,0.08288735710084438,0.742311418056488,0.742311418056488,0.05801550671458244,2.1229703426361084,1.016044020652771,4,diffusion,1.0,0.12316519767045975,0.0005909259393647881,0.0005909259393647881,high
121,A,0,1,187200,0.08288735710084438,0.9757561087608337,0.9757561087608337,0.10775920748710632,0.22143679857254028,3.2240843772888184,4,diffusion,1.0,0.023861853405833244,8.400285961121913e-05,8.400285961121913e-05,high
121,A,0,2,187200,0.08288735710084438,0.08897388726472855,0.0,0.4806225895881653,0.796436071395874,1.957696795463562,4,endpoint,0.17245471477508545,0.06601310521364212,0.00011003862760223133,0.0006380725963087941,low
121,A,0,3,187200,0.08288735710084438,0.9135114550590515,0.8593707084655762,0.11182187497615814,0.781394898891449,1.4093503952026367,4,flow_map,0.7411783337593079,0.06476197391748428,0.00022380704562747008,0.00030196112788713784,high
122,D,0,0,187200,0.05545617453753948,0.9130116701126099,0.9130116701126099,0.05407525971531868,0.7842047214508057,1.397745132446289,4,diffusion,1.0,0.042406074702739716,0.00021073944979224437,0.00021073944979224437,high
122,D,0,1,187200,0.05545617453753948,0.9943773746490479,0.9943773746490479,0.056837089359760284,0.051695067435503006,3.317976236343384,4,diffusion,1.0,0.0029381972271949053,1.4242364721506972e-05,1.4242364721506972e-05,high
122,D,0,2,187200,0.05545617453753948,0.908037006855011,0.0,13.516199111938477,0.8304823637008667,1.6924875974655151,4,endpoint,0.004102938808500767,0.046055346727371216,1.4476708399766483e-05,0.0035283754097849536,high
122,D,0,3,187200,0.05545617453753948,0.8952676057815552,0.8906955718994141,0.04590986669063568,0.9410626888275146,1.0125176906585693,4,flow_map,1.2076728343963623,0.05217637121677399,0.00028140897880832636,0.00023301756137371804,high
123,A,1,0,187200,0.12987123057246208,0.3049440383911133,0.3049440383911133,0.15822768211364746,2.399296998977661,1.0050796270370483,4,diffusion,1.0,0.379635214805603,0.0011029157179055656,0.0011029157179055656,mid
123,A,1,1,187200,0.12987123057246208,0.9570973515510559,0.9570973515510559,0.1015147790312767,0.390874981880188,2.28127384185791,4,diffusion,1.0,0.03967958688735962,0.000143919483939478,0.000143919483939478,high
123,A,1,2,187200,0.12987123057246208,0.8379444479942322,0.0,6.086079120635986,1.4243696928024292,1.1993918418884277,4,endpoint,0.02133902907371521,0.18498435616493225,8.665293129551844e-05,0.004060771977777329,high
123,A,1,3,187200,0.12987123057246208,0.5935781598091125,0.5621665120124817,0.0810079574584961,2.825655698776245,0.5454733371734619,4,flow_map,1.6029932498931885,0.3669261336326599,0.0014898133424416297,0.0009293946450123229,mid
124,D,1,0,187200,0.0785805881023407,0.7501357197761536,0.7501357197761536,0.07903934270143509,2.0758304595947266,0.8087645173072815,4,diffusion,1.0,0.16407227516174316,0.0006744202818801012,0.0006744202818801012,high
124,D,1,1,187200,0.0785805881023407,0.8924545645713806,0.8924545645713806,0.07812183350324631,0.9648681879043579,1.330376386642456,4,diffusion,1.0,0.07537727057933807,0.0003116529798139321,0.0003116529798139321,high
124,D,1,2,187200,0.0785805881023407,0.7359685301780701,0.0,4.064915180206299,2.162947177886963,1.0921283960342407,4,endpoint,0.019331373274326324,0.1699652373790741,9.742074499968751e-05,0.005039514969641105,high
124,D,1,3,187200,0.0785805881023407,0.9929406046867371,0.9575408697128296,0.147544726729393,0.06475681811571121,3.202946424484253,4,flow_map,0.532552182674408,0.005088284146040678,1.5308287094238485e-05,2.8745140086295872e-05,high
125,A,2,0,74880,0.04180389083921909,0.8645710349082947,0.8645710349082947,0.0395192950963974,1.2049674987792969,0.4993418753147125,4,diffusion,1.0,0.04761946573853493,0.00043769039293956085,0.00043769039293956085,high
125,A,2,1,74880,0.04180389083921909,0.7815011739730835,0.7815011739730835,0.04408848658204079,1.8545608520507812,0.47877734899520874,4,diffusion,1.0,0.08176477998495102,0.0007115259929686862,0.0007115259929686862,high
125,A,2,2,74880,0.04180389083921909,0.8955511450767517,0.0,12.150554656982422,0.9377103447914124,1.0461251735687256,4,endpoint,0.003440489526838064,0.03919990733265877,2.0548214256173347e-05,0.005972468189739821,high
125,A,2,3,74880,0.04180389083921909,0.9959043264389038,0.9870439767837524,0.054621897637844086,0.03734656050801277,0.8543403744697571,4,flow_map,0.7651919722557068,0.0015609456459060311,1.2203699201744536e-05,1.594854578226859e-05,high
126,D,2,0,74880,0.11749851703643799,0.9540743827819824,0.9540743827819824,0.0733875185251236,0.41761451959609985,0.7359398007392883,4,diffusion,1.0,0.03064769320189953,0.00020671585009268638,0.00020671585009268638,high
126,D,2,1,74880,0.11749851703643799,0.3564394414424896,0.3564394414424896,0.16160951554775238,2.6532678604125977,0.5604552030563354,4,diffusion,1.0,0.428793340921402,0.0019489542610861307,0.0019489542610861307,mid
126,D,2,2,74880,0.11749851703643799,0.7205960154533386,0.0,1.927551031112671,2.2612814903259277,0.47769859433174133,4,endpoint,0.06095709279179573,0.26569584012031555,0.00034967847767314184,0.0057364690745258995,high
126,D,2,3,74880,0.11749851703643799,0.994556725025177,0.8341922163963318,0.1691281795501709,0.049982376396656036,0.5386144518852234,4,flow_map,0.6946895122528076,0.00587250804528594,2.6091720441632527e-05,3.755882301579554e-05,high
127,A,0,0,187200,0.05584765784442425,0.6807852983474731,0.6807852983474731,0.05760674178600311,2.4829046726226807,0.930526077747345,4,diffusion,1.0,0.143032044172287,0.0006886741539159011,0.0006886741539159011,mid
127,A,0,1,187200,0.05584765784442425,0.8062949180603027,0.8062949180603027,0.05408857390284538,1.6699455976486206,1.1580246686935425,4,diffusion,1.0,0.09032497555017471,0.0004488199684391598,0.0004488199684391598,high
127,A,0,2,187200,0.05584765784442425,0.9398408532142639,0.0,26.022428512573242,0.5453289151191711,2.397235631942749,4,endpoint,0.002146134851500392,0.03045533411204815,6.899323794011053e-06,0.003214767137856059,high
127,A,0,3,187200,0.05584765784442425,0.9062029123306274,0.6782227158546448,0.4212271273136139,0.8454675078392029,1.13519287109375,4,flow_map,0.13258008658885956,0.0472162589430809,8.407182373295509e-05,0.0006341210501217117,high
128,D,0,0,187200,0.05016053654253483,0.9812430739402771,0.9812430739402771,0.05249783396720886,0.17152884602546692,2.040724039077759,4,diffusion,1.0,0.009004892781376839,4.5417679419395014e-05,4.5417679419395014e-05,high
128,D,0,1,187200,0.05016053654253483,0.924188494682312,0.924188494682312,0.047823239117860794,0.6861248016357422,1.678930640220642,4,diffusion,1.0,0.03281271085143089,0.0001733962474075063,0.0001733962474075063,high
128,D,0,2,187200,0.05016053654253483,0.864984929561615,0.0,8.136021614074707,1.2006279230117798,1.3732277154922485,4,endpoint,0.0061652339063584805,0.06022406741976738,2.439951123153184e-05,0.003957597003151419,high
128,D,0,3,187200,0.05016053654253483,0.9922492504119873,0.5697963833808899,66.0302963256836,0.07098482549190521,8.235306739807129,4,flow_map,0.0007596592768095434,0.003560636192560196,5.063759488839994e-07,0.0006665829857442188,high
