path	bytes
submission/experiments/09_original_conditioning_calibration/conditioning_window12_AD.mp4	614488
submission/experiments/10_history_conditioning_action_response/history_A_clean_vs_noisy.mp4	2554898
submission/experiments/10_history_conditioning_action_response/history_D_clean_vs_noisy.mp4	2405347
submission/experiments/11_causal_12_then5_selfhistory/B7_vs_C12_first22.mp4	780422
submission/experiments/11_causal_12_then5_selfhistory/C_second_chunk_summary.mp4	604490
submission/experiments/11_causal_12_then5_selfhistory/C_selfhistory_N_56.mp4	2165035
submission/meeting/action_geometry/stage2_action_qkv_latent_endpoint_AD_39.mp4	885542
submission/meeting/action_geometry/stage2_action_qkv_own_endpoint_AD_39.mp4	876447
submission/meeting/action_geometry/stage2_routing_all_rgb_AD_39.mp4	958586
submission/meeting/action_vs_stability/original_action_stronger_visual_stable_AD_124.mp4	10761329
submission/meeting/action_vs_stability/original_action_stronger_visual_stable_grid_124.mp4	20900754
submission/meeting/annotated/h3world_rgb_stable_A_original_vs_causal_timed.mp4	2791906
submission/meeting/annotated/h3world_rgb_stable_D_original_vs_causal_timed.mp4	2624558
submission/meeting/annotated/h3world_rgb_stable_S_original_vs_causal_timed.mp4	3392825
submission/meeting/annotated/h3world_rgb_stable_W_original_vs_causal_timed.mp4	2627832
submission/meeting/annotated/h3world_rgb_stable_action_grid_124_timed.mp4	10659903
submission/meeting/diagnostics/legacy_fixed_mix/h3world_final_A_original_vs_causal.mp4	4465534
submission/meeting/diagnostics/legacy_fixed_mix/h3world_final_A_original_vs_causal_timed.mp4	4204847
submission/meeting/diagnostics/legacy_fixed_mix/h3world_final_D_original_vs_causal.mp4	3688041
submission/meeting/diagnostics/legacy_fixed_mix/h3world_final_D_original_vs_causal_timed.mp4	3476680
submission/meeting/diagnostics/legacy_fixed_mix/h3world_final_S_original_vs_causal.mp4	3782923
submission/meeting/diagnostics/legacy_fixed_mix/h3world_final_S_original_vs_causal_timed.mp4	3519689
submission/meeting/diagnostics/legacy_fixed_mix/h3world_final_W_original_vs_causal.mp4	3141135
submission/meeting/diagnostics/legacy_fixed_mix/h3world_final_W_original_vs_causal_timed.mp4	2934887
submission/meeting/diagnostics/legacy_fixed_mix/h3world_final_action_grid_124_timed.mp4	14108673
submission/meeting/diagnostics/legacy_fixed_mix/h3world_final_fixed_mix_action_grid_124.mp4	15085748
submission/meeting/long_horizon/causal_W_10s_243f.mp4	2493244
submission/meeting/long_horizon/causal_W_20s_481f.mp4	7113664
submission/meeting/long_horizon/original_W_10s_243f.mp4	2849053
submission/meeting/long_horizon/original_W_20s_481f.mp4	5256318
submission/meeting/long_horizon/original_vs_rgb_visual_W_10s_243f.mp4	5027348
submission/meeting/long_horizon/original_vs_rgb_visual_W_20s_481f.mp4	11313054
submission/meeting/model_types/01_routing_only_39f.mp4	708021
submission/meeting/model_types/02_adaptation_fm0_vs_fm48_39f.mp4	2495502
submission/meeting/model_types/03_anyflow_vs_fm_4step_39f.mp4	1700741
submission/meeting/model_types/03_anyflow_vs_fm_8step_39f.mp4	1394308
submission/meeting/model_types/sources/original_A.mp4	433276
submission/meeting/model_types/sources/original_D.mp4	403575
submission/meeting/stage2_lite/stage2_lite_39_8step_4updates_AD.mp4	666901
submission/meeting/stage2_lite/stage2_lite_rgb_endpoint_integrated_AD_39.mp4	826300
submission/meeting/visual_stability/stage2_rgb_anchor_endpoint_visual_stability_comparison_39.mp4	2050674
submission/meeting/visual_stability/stage2_rgb_endpoint_visual_stable_AD_124.mp4	2528459
submission/meeting/visual_stability/stage2_rgb_endpoint_visual_stable_W_124.mp4	1366164
submission/meeting/visual_stability/stage2_rgb_endpoint_vs_original_W_124.mp4	2618695
submission/reports/final_acceptance/inference_A39/cached.mp4	460084
submission/reports/stage1_anyflow/01_real_video/fm_density_control/eval/step_48/generated_30/dfec8ed3237860eba14d67c089ecd041_D_1750/video.mp4	1890790
submission/reports/stage1_anyflow/01_real_video/fm_density_control/eval/step_48/generated_8/118eb5d8b75e1b8ac23a4e9ae77af9a9_A_1140/video.mp4	2214421
submission/reports/stage1_anyflow/01_real_video/fm_density_control/eval/step_48/generated_8/dfec8ed3237860eba14d67c089ecd041_D_1750/video.mp4	2426975
submission/reports/stage1_anyflow/01_real_video/fm_density_control/eval/step_48/gt_30/dfec8ed3237860eba14d67c089ecd041_D_1750/video.mp4	1722707
submission/reports/stage1_anyflow/01_real_video/fm_density_control/parking/step_48/30step/A/cached.mp4	431786
submission/reports/stage1_anyflow/01_real_video/fm_density_control/parking/step_48/30step/D/cached.mp4	392694
submission/reports/stage1_anyflow/01_real_video/fm_density_control/parking/step_48/8step/A/cached.mp4	466084
submission/reports/stage1_anyflow/01_real_video/fm_density_control/parking/step_48/8step/D/cached.mp4	471591
submission/reports/stage1_anyflow/01_real_video/fm_density_control/report/natural_generated_30/118eb5d8b75e1b8ac23a4e9ae77af9a9_A_1140_comparison.mp4	1384161
submission/reports/stage1_anyflow/01_real_video/fm_density_control/report/natural_generated_30/dfec8ed3237860eba14d67c089ecd041_D_1750_comparison.mp4	1603436
submission/reports/stage1_anyflow/01_real_video/fm_density_control/report/natural_generated_8/118eb5d8b75e1b8ac23a4e9ae77af9a9_A_1140_comparison.mp4	1569096
submission/reports/stage1_anyflow/01_real_video/fm_density_control/report/natural_generated_8/dfec8ed3237860eba14d67c089ecd041_D_1750_comparison.mp4	1679993
submission/reports/stage1_anyflow/01_real_video/fm_density_control/report/natural_gt_30/118eb5d8b75e1b8ac23a4e9ae77af9a9_A_1140_comparison.mp4	1619543
submission/reports/stage1_anyflow/01_real_video/fm_density_control/report/natural_gt_30/dfec8ed3237860eba14d67c089ecd041_D_1750_comparison.mp4	1553962
submission/reports/stage1_anyflow/01_real_video/fm_density_control/report/parking_30/A_comparison.mp4	339290
submission/reports/stage1_anyflow/01_real_video/fm_density_control/report/parking_30/D_comparison.mp4	324369
submission/reports/stage1_anyflow/01_real_video/fm_density_control/report/parking_8/A_comparison.mp4	325326
submission/reports/stage1_anyflow/01_real_video/fm_density_control/report/parking_8/D_comparison.mp4	328241
submission/reports/stage1_anyflow/01_real_video/fm_density_control/review/first_generated30/video.mp4	1641845
submission/reports/stage1_anyflow/01_real_video/fm_density_control/review/first_gt30/candidate_gt30.mp4	2087755
submission/reports/stage1_anyflow/01_real_video/real_abot_fm/eval/original/generated_30/dfec8ed3237860eba14d67c089ecd041_D_1750/video.mp4	1780490
submission/reports/stage1_anyflow/01_real_video/real_abot_fm/eval/step_00/generated_30/118eb5d8b75e1b8ac23a4e9ae77af9a9_A_1140/video.mp4	2218465
submission/reports/stage1_anyflow/01_real_video/real_abot_fm/eval/step_00/generated_30/dfec8ed3237860eba14d67c089ecd041_D_1750/video.mp4	2276319
submission/reports/stage1_anyflow/01_real_video/real_abot_fm/eval/step_00/gt_30/118eb5d8b75e1b8ac23a4e9ae77af9a9_A_1140/video.mp4	2397080
submission/reports/stage1_anyflow/01_real_video/real_abot_fm/eval/step_00/gt_30/dfec8ed3237860eba14d67c089ecd041_D_1750/video.mp4	1896945
submission/reports/stage1_anyflow/01_real_video/real_abot_fm/eval/step_48/generated_30/118eb5d8b75e1b8ac23a4e9ae77af9a9_A_1140/video.mp4	1740973
submission/reports/stage1_anyflow/01_real_video/real_abot_fm/eval/step_48/generated_30/dfec8ed3237860eba14d67c089ecd041_D_1750/video.mp4	2055232
submission/reports/stage1_anyflow/01_real_video/real_abot_fm/eval/step_48/generated_8/118eb5d8b75e1b8ac23a4e9ae77af9a9_A_1140/video.mp4	2494647
submission/reports/stage1_anyflow/01_real_video/real_abot_fm/eval/step_48/generated_8/dfec8ed3237860eba14d67c089ecd041_D_1750/video.mp4	2460391
submission/reports/stage1_anyflow/01_real_video/real_abot_fm/eval/step_48/gt_30/dfec8ed3237860eba14d67c089ecd041_D_1750/video.mp4	1787509
submission/reports/stage1_anyflow/01_real_video/real_abot_fm/original_reference_first/video.mp4	2382351
submission/reports/stage1_anyflow/01_real_video/real_abot_fm/parking/step_00/30step/A/cached.mp4	500333
submission/reports/stage1_anyflow/01_real_video/real_abot_fm/parking/step_00/30step/D/cached.mp4	495123
submission/reports/stage1_anyflow/01_real_video/real_abot_fm/parking/step_00/8step/A/cached.mp4	559137
submission/reports/stage1_anyflow/01_real_video/real_abot_fm/parking/step_00/8step/D/cached.mp4	568939
submission/reports/stage1_anyflow/01_real_video/real_abot_fm/parking/step_48/30step/A/cached.mp4	439550
submission/reports/stage1_anyflow/01_real_video/real_abot_fm/parking/step_48/30step/D/cached.mp4	432887
submission/reports/stage1_anyflow/01_real_video/real_abot_fm/parking/step_48/8step/A/cached.mp4	476556
submission/reports/stage1_anyflow/01_real_video/real_abot_fm/parking/step_48/8step/D/cached.mp4	501029
submission/reports/stage1_anyflow/01_real_video/real_abot_fm/pure_action/original30/A/video.mp4	1797723
submission/reports/stage1_anyflow/01_real_video/real_abot_fm/pure_action/original30/D/video.mp4	1797188
submission/reports/stage1_anyflow/01_real_video/real_abot_fm/report/baseline_complete_generated30/118eb5d8b75e1b8ac23a4e9ae77af9a9_A_1140_comparison.mp4	1243373
submission/reports/stage1_anyflow/01_real_video/real_abot_fm/report/baseline_complete_generated30/dfec8ed3237860eba14d67c089ecd041_D_1750_comparison.mp4	1287026
submission/reports/stage1_anyflow/01_real_video/real_abot_fm/report/baseline_complete_gt30/118eb5d8b75e1b8ac23a4e9ae77af9a9_A_1140_comparison.mp4	1304678
submission/reports/stage1_anyflow/01_real_video/real_abot_fm/report/baseline_complete_gt30/dfec8ed3237860eba14d67c089ecd041_D_1750_comparison.mp4	1213234
submission/reports/stage1_anyflow/01_real_video/real_abot_fm/report/baseline_partial_generated30/dfec8ed3237860eba14d67c089ecd041_D_1750_comparison.mp4	797324
submission/reports/stage1_anyflow/01_real_video/real_abot_fm/report/baseline_partial_gt30/dfec8ed3237860eba14d67c089ecd041_D_1750_comparison.mp4	797267
submission/reports/stage1_anyflow/01_real_video/real_abot_fm/report/parking_baseline_complete/original_causal0_30_8_AD.mp4	708021
submission/reports/stage1_anyflow/01_real_video/real_abot_fm/report/parking_step00_30step/original_causal_AD.mp4	486235
submission/reports/stage1_anyflow/01_real_video/real_abot_fm/report/parking_step00_8step/original_causal_AD.mp4	482258
submission/reports/stage1_anyflow/01_real_video/real_abot_fm/report/parking_step48_30step/original_causal_AD.mp4	691014
submission/reports/stage1_anyflow/01_real_video/real_abot_fm/report/parking_step48_8step/original_causal_AD.mp4	679057
submission/reports/stage1_anyflow/01_real_video/real_abot_fm/report/trained_complete_generated30/118eb5d8b75e1b8ac23a4e9ae77af9a9_A_1140_comparison.mp4	1520577
submission/reports/stage1_anyflow/01_real_video/real_abot_fm/report/trained_complete_generated30/dfec8ed3237860eba14d67c089ecd041_D_1750_comparison.mp4	1716238
submission/reports/stage1_anyflow/01_real_video/real_abot_fm/report/trained_complete_generated8/118eb5d8b75e1b8ac23a4e9ae77af9a9_A_1140_comparison.mp4	1226166
submission/reports/stage1_anyflow/01_real_video/real_abot_fm/report/trained_complete_generated8/dfec8ed3237860eba14d67c089ecd041_D_1750_comparison.mp4	1247336
submission/reports/stage1_anyflow/01_real_video/real_abot_fm/report/trained_complete_gt30/118eb5d8b75e1b8ac23a4e9ae77af9a9_A_1140_comparison.mp4	1691907
submission/reports/stage1_anyflow/01_real_video/real_abot_fm/report/trained_complete_gt30/dfec8ed3237860eba14d67c089ecd041_D_1750_comparison.mp4	1604713
submission/reports/stage1_anyflow/01_real_video/real_abot_fm/review/first_trained_gt30/video.mp4	2177008
submission/reports/stage1_anyflow/01_real_video/real_transition_windows/eval_fm_action_gt/118eb5d8b75e1b8ac23a4e9ae77af9a9_D_1015/current.mp4	2403657
submission/reports/stage1_anyflow/01_real_video/real_transition_windows/eval_fm_action_gt/118eb5d8b75e1b8ac23a4e9ae77af9a9_D_1015/zero_vs_step4.mp4	6916927
submission/reports/stage1_anyflow/01_real_video/real_transition_windows/eval_fm_action_gt/dfec8ed3237860eba14d67c089ecd041_A_1080/current.mp4	1675105
submission/reports/stage1_anyflow/01_real_video/real_transition_windows/eval_fm_action_gt/dfec8ed3237860eba14d67c089ecd041_A_1080/zero_vs_step4.mp4	4960762
submission/reports/stage1_anyflow/01_real_video/real_transition_windows/eval_fm_action_parking_A/parking_historyA_currentA/current.mp4	576843
submission/reports/stage1_anyflow/01_real_video/real_transition_windows/eval_fm_action_parking_A/parking_historyA_currentA/zero_vs_step4.mp4	1278730
submission/reports/stage1_anyflow/01_real_video/real_transition_windows/eval_fm_action_parking_A/parking_historyA_currentD/current.mp4	509024
submission/reports/stage1_anyflow/01_real_video/real_transition_windows/eval_fm_action_parking_A/parking_historyA_currentD/zero_vs_step4.mp4	1144459
submission/reports/stage1_anyflow/01_real_video/real_transition_windows/eval_fm_action_parking_D/parking_historyD_currentA/current.mp4	534481
submission/reports/stage1_anyflow/01_real_video/real_transition_windows/eval_fm_action_parking_D/parking_historyD_currentA/zero_vs_step4.mp4	1214725
submission/reports/stage1_anyflow/01_real_video/real_transition_windows/eval_fm_action_parking_D/parking_historyD_currentD/current.mp4	466090
submission/reports/stage1_anyflow/01_real_video/real_transition_windows/eval_fm_action_parking_D/parking_historyD_currentD/zero_vs_step4.mp4	1097595
submission/reports/stage1_anyflow/01_real_video/real_transition_windows/eval_fm_only_gt/118eb5d8b75e1b8ac23a4e9ae77af9a9_D_1015/current.mp4	2411745
submission/reports/stage1_anyflow/01_real_video/real_transition_windows/eval_fm_only_gt/118eb5d8b75e1b8ac23a4e9ae77af9a9_D_1015/zero_vs_step4.mp4	6919627
submission/reports/stage1_anyflow/01_real_video/real_transition_windows/eval_fm_only_gt/dfec8ed3237860eba14d67c089ecd041_A_1080/current.mp4	1675425
submission/reports/stage1_anyflow/01_real_video/real_transition_windows/eval_fm_only_gt/dfec8ed3237860eba14d67c089ecd041_A_1080/zero_vs_step4.mp4	4964877
submission/reports/stage1_anyflow/01_real_video/real_transition_windows/eval_fm_only_parking_A/parking_historyA_currentA/current.mp4	577335
submission/reports/stage1_anyflow/01_real_video/real_transition_windows/eval_fm_only_parking_A/parking_historyA_currentA/zero_vs_step4.mp4	1279767
submission/reports/stage1_anyflow/01_real_video/real_transition_windows/eval_fm_only_parking_A/parking_historyA_currentD/current.mp4	520791
submission/reports/stage1_anyflow/01_real_video/real_transition_windows/eval_fm_only_parking_A/parking_historyA_currentD/zero_vs_step4.mp4	1156876
submission/reports/stage1_anyflow/01_real_video/real_transition_windows/eval_fm_only_parking_D/parking_historyD_currentA/current.mp4	528828
submission/reports/stage1_anyflow/01_real_video/real_transition_windows/eval_fm_only_parking_D/parking_historyD_currentA/zero_vs_step4.mp4	1209244
submission/reports/stage1_anyflow/01_real_video/real_transition_windows/eval_fm_only_parking_D/parking_historyD_currentD/current.mp4	465908
submission/reports/stage1_anyflow/01_real_video/real_transition_windows/eval_fm_only_parking_D/parking_historyD_currentD/zero_vs_step4.mp4	1096835
submission/reports/stage1_anyflow/01_real_video/real_transition_windows/gt_history_baseline/118eb5d8b75e1b8ac23a4e9ae77af9a9_D_1015/GT_vs_local.mp4	4490751
submission/reports/stage1_anyflow/01_real_video/real_transition_windows/gt_history_baseline/118eb5d8b75e1b8ac23a4e9ae77af9a9_D_1015/current.mp4	2415529
submission/reports/stage1_anyflow/01_real_video/real_transition_windows/gt_history_baseline/dfec8ed3237860eba14d67c089ecd041_A_1080/GT_vs_local.mp4	3224988
submission/reports/stage1_anyflow/01_real_video/real_transition_windows/gt_history_baseline/dfec8ed3237860eba14d67c089ecd041_A_1080/current.mp4	1683419
submission/reports/stage1_anyflow/01_real_video/real_transition_windows/review_step4/118eb5d8b75e1b8ac23a4e9ae77af9a9_D_1015_comparison.mp4	1419172
submission/reports/stage1_anyflow/01_real_video/real_transition_windows/review_step4/dfec8ed3237860eba14d67c089ecd041_A_1080_comparison.mp4	1072633
submission/reports/stage1_anyflow/01_real_video/real_transition_windows/review_step4/parking_historyA_currentA_comparison.mp4	414896
submission/reports/stage1_anyflow/01_real_video/real_transition_windows/review_step4/parking_historyA_currentD_comparison.mp4	378374
submission/reports/stage1_anyflow/01_real_video/real_transition_windows/review_step4/parking_historyD_currentA_comparison.mp4	400194
submission/reports/stage1_anyflow/01_real_video/real_transition_windows/review_step4/parking_historyD_currentD_comparison.mp4	359736
submission/reports/stage1_anyflow/02_causal_diagnostics/chunk_partition_cb/B7_vs_C12_first22.mp4	780422
submission/reports/stage1_anyflow/02_causal_diagnostics/chunk_partition_cb/B_first/clean_A_current.mp4	195774
submission/reports/stage1_anyflow/02_causal_diagnostics/chunk_partition_cb/B_first/clean_A_rollout.mp4	194057
submission/reports/stage1_anyflow/02_causal_diagnostics/chunk_partition_cb/B_first/clean_D_current.mp4	217211
submission/reports/stage1_anyflow/02_causal_diagnostics/chunk_partition_cb/B_first/clean_D_rollout.mp4	217886
submission/reports/stage1_anyflow/02_causal_diagnostics/chunk_partition_cb/B_first/comparison_rollout.mp4	423786
submission/reports/stage1_anyflow/02_causal_diagnostics/chunk_partition_cb/C12_A_first22_reference.mp4	185167
submission/reports/stage1_anyflow/02_causal_diagnostics/chunk_partition_cb/C12_D_first22_reference.mp4	206260
submission/reports/stage1_anyflow/02_causal_diagnostics/chunk_partition_cb/C_A/clean_A_current.mp4	185838
submission/reports/stage1_anyflow/02_causal_diagnostics/chunk_partition_cb/C_A/clean_A_rollout.mp4	539997
submission/reports/stage1_anyflow/02_causal_diagnostics/chunk_partition_cb/C_A/clean_D_current.mp4	205016
submission/reports/stage1_anyflow/02_causal_diagnostics/chunk_partition_cb/C_A/clean_D_rollout.mp4	558623
submission/reports/stage1_anyflow/02_causal_diagnostics/chunk_partition_cb/C_A/comparison_context.mp4	1169092
submission/reports/stage1_anyflow/02_causal_diagnostics/chunk_partition_cb/C_A/comparison_rollout.mp4	2252658
submission/reports/stage1_anyflow/02_causal_diagnostics/chunk_partition_cb/C_A/sigma_noised_A_current.mp4	227498
submission/reports/stage1_anyflow/02_causal_diagnostics/chunk_partition_cb/C_A/sigma_noised_A_rollout.mp4	582997
submission/reports/stage1_anyflow/02_causal_diagnostics/chunk_partition_cb/C_A/sigma_noised_D_current.mp4	204914
submission/reports/stage1_anyflow/02_causal_diagnostics/chunk_partition_cb/C_A/sigma_noised_D_rollout.mp4	558595
submission/reports/stage1_anyflow/02_causal_diagnostics/chunk_partition_cb/C_A/startup_reused.mp4	366490
submission/reports/stage1_anyflow/02_causal_diagnostics/chunk_partition_cb/C_D/clean_A_current.mp4	201080
submission/reports/stage1_anyflow/02_causal_diagnostics/chunk_partition_cb/C_D/clean_A_rollout.mp4	591521
submission/reports/stage1_anyflow/02_causal_diagnostics/chunk_partition_cb/C_D/clean_D_current.mp4	188758
submission/reports/stage1_anyflow/02_causal_diagnostics/chunk_partition_cb/C_D/clean_D_rollout.mp4	579073
submission/reports/stage1_anyflow/02_causal_diagnostics/chunk_partition_cb/C_D/comparison_context.mp4	1221066
submission/reports/stage1_anyflow/02_causal_diagnostics/chunk_partition_cb/C_D/comparison_rollout.mp4	2428368
submission/reports/stage1_anyflow/02_causal_diagnostics/chunk_partition_cb/C_D/sigma_noised_A_current.mp4	265653
submission/reports/stage1_anyflow/02_causal_diagnostics/chunk_partition_cb/C_D/sigma_noised_A_rollout.mp4	655393
submission/reports/stage1_anyflow/02_causal_diagnostics/chunk_partition_cb/C_D/sigma_noised_D_current.mp4	199989
submission/reports/stage1_anyflow/02_causal_diagnostics/chunk_partition_cb/C_D/sigma_noised_D_rollout.mp4	589208
submission/reports/stage1_anyflow/02_causal_diagnostics/chunk_partition_cb/C_D/startup_reused.mp4	400183
submission/reports/stage1_anyflow/02_causal_diagnostics/chunk_partition_cb/C_second_chunk_summary.mp4	604490
submission/reports/stage1_anyflow/02_causal_diagnostics/chunk_partition_cb/C_selfhistory_N_56.mp4	2165035
submission/reports/stage1_anyflow/02_causal_diagnostics/coarse_window12/coarse_A/AD_local_forks.mp4	3167449
submission/reports/stage1_anyflow/02_causal_diagnostics/coarse_window12/coarse_A/A_local.mp4	1576972
submission/reports/stage1_anyflow/02_causal_diagnostics/coarse_window12/coarse_A/D_local.mp4	1585027
submission/reports/stage1_anyflow/02_causal_diagnostics/coarse_window12/coarse_A/window0_A.mp4	366163
submission/reports/stage1_anyflow/02_causal_diagnostics/coarse_window12/coarse_A/window0_D.mp4	399781
submission/reports/stage1_anyflow/02_causal_diagnostics/coarse_window12/coarse_A/window1_A.mp4	618770
submission/reports/stage1_anyflow/02_causal_diagnostics/coarse_window12/coarse_A/window1_D.mp4	624029
submission/reports/stage1_anyflow/02_causal_diagnostics/coarse_window12/coarse_A/window2_A.mp4	569768
submission/reports/stage1_anyflow/02_causal_diagnostics/coarse_window12/coarse_A/window2_D.mp4	542728
submission/reports/stage1_anyflow/02_causal_diagnostics/coarse_window12/coarse_D/AD_local_forks.mp4	2976498
submission/reports/stage1_anyflow/02_causal_diagnostics/coarse_window12/coarse_D/A_local.mp4	1502123
submission/reports/stage1_anyflow/02_causal_diagnostics/coarse_window12/coarse_D/D_local.mp4	1472788
submission/reports/stage1_anyflow/02_causal_diagnostics/coarse_window12/coarse_D/window0_A.mp4	366490
submission/reports/stage1_anyflow/02_causal_diagnostics/coarse_window12/coarse_D/window0_D.mp4	400713
submission/reports/stage1_anyflow/02_causal_diagnostics/coarse_window12/coarse_D/window1_A.mp4	589381
submission/reports/stage1_anyflow/02_causal_diagnostics/coarse_window12/coarse_D/window1_D.mp4	525942
submission/reports/stage1_anyflow/02_causal_diagnostics/coarse_window12/coarse_D/window2_A.mp4	530564
submission/reports/stage1_anyflow/02_causal_diagnostics/coarse_window12/coarse_D/window2_D.mp4	525426
submission/reports/stage1_anyflow/02_causal_diagnostics/coarse_window12/first_window_snapshot/coarse_A/window0_A.mp4	366163
submission/reports/stage1_anyflow/02_causal_diagnostics/coarse_window12/first_window_snapshot/coarse_A/window0_D.mp4	399781
submission/reports/stage1_anyflow/02_causal_diagnostics/coarse_window12/first_window_snapshot/coarse_D/window0_A.mp4	366490
submission/reports/stage1_anyflow/02_causal_diagnostics/coarse_window12/first_window_snapshot/coarse_D/window0_D.mp4	400713
submission/reports/stage1_anyflow/02_causal_diagnostics/coarse_window12/matched_first5/AD_local_forks.mp4	388094
submission/reports/stage1_anyflow/02_causal_diagnostics/coarse_window12/matched_first5/A_local.mp4	190092
submission/reports/stage1_anyflow/02_causal_diagnostics/coarse_window12/matched_first5/D_local.mp4	191218
submission/reports/stage1_anyflow/02_causal_diagnostics/coarse_window12/matched_first5/window0_A.mp4	190673
submission/reports/stage1_anyflow/02_causal_diagnostics/coarse_window12/matched_first5/window0_D.mp4	191421
submission/reports/stage1_anyflow/02_causal_diagnostics/counterfactual128/fixed_history_action_intervention_39.mp4	1099847
submission/reports/stage1_anyflow/02_causal_diagnostics/history_conditioning/window1_A/A.mp4	575177
submission/reports/stage1_anyflow/02_causal_diagnostics/history_conditioning/window1_A/CN_AD_context.mp4	2554898
submission/reports/stage1_anyflow/02_causal_diagnostics/history_conditioning/window1_A/D.mp4	497243
submission/reports/stage1_anyflow/02_causal_diagnostics/history_conditioning/window1_D/A.mp4	520684
submission/reports/stage1_anyflow/02_causal_diagnostics/history_conditioning/window1_D/CN_AD_context.mp4	2405347
submission/reports/stage1_anyflow/02_causal_diagnostics/history_conditioning/window1_D/D.mp4	463291
submission/reports/stage1_anyflow/02_causal_diagnostics/local_topology/conditioning_window12_AD.mp4	614488
submission/reports/stage1_anyflow/02_causal_diagnostics/local_topology/native_positive_A/AD_local_forks.mp4	908022
submission/reports/stage1_anyflow/02_causal_diagnostics/local_topology/native_positive_A/A_local39.mp4	469185
submission/reports/stage1_anyflow/02_causal_diagnostics/local_topology/native_positive_A/D_local39.mp4	460338
submission/reports/stage1_anyflow/02_causal_diagnostics/local_topology/native_positive_A/chunk0_A.mp4	186291
submission/reports/stage1_anyflow/02_causal_diagnostics/local_topology/native_positive_A/chunk0_D.mp4	183330
submission/reports/stage1_anyflow/02_causal_diagnostics/local_topology/native_positive_A/chunk1_A.mp4	212516
submission/reports/stage1_anyflow/02_causal_diagnostics/local_topology/native_positive_A/chunk1_D.mp4	206625
submission/reports/stage1_anyflow/02_causal_diagnostics/local_topology/native_positive_A/chunk2_A.mp4	66714
submission/reports/stage1_anyflow/02_causal_diagnostics/local_topology/native_positive_A/chunk2_D.mp4	66443
submission/reports/stage1_anyflow/02_causal_diagnostics/local_topology/native_positive_D/AD_local_forks.mp4	831808
submission/reports/stage1_anyflow/02_causal_diagnostics/local_topology/native_positive_D/A_local39.mp4	414843
submission/reports/stage1_anyflow/02_causal_diagnostics/local_topology/native_positive_D/D_local39.mp4	409066
submission/reports/stage1_anyflow/02_causal_diagnostics/local_topology/native_positive_D/chunk0_A.mp4	186291
submission/reports/stage1_anyflow/02_causal_diagnostics/local_topology/native_positive_D/chunk0_D.mp4	183697
submission/reports/stage1_anyflow/02_causal_diagnostics/local_topology/native_positive_D/chunk1_A.mp4	172352
submission/reports/stage1_anyflow/02_causal_diagnostics/local_topology/native_positive_D/chunk1_D.mp4	169692
submission/reports/stage1_anyflow/02_causal_diagnostics/local_topology/native_positive_D/chunk2_A.mp4	65681
submission/reports/stage1_anyflow/02_causal_diagnostics/local_topology/native_positive_D/chunk2_D.mp4	65412
submission/reports/stage1_anyflow/02_causal_diagnostics/local_topology/native_prefix12_calibration/A.mp4	405476
submission/reports/stage1_anyflow/02_causal_diagnostics/local_topology/native_prefix12_calibration/AD_window12.mp4	764033
submission/reports/stage1_anyflow/02_causal_diagnostics/local_topology/native_prefix12_calibration/A_0_17.mp4	179864
submission/reports/stage1_anyflow/02_causal_diagnostics/local_topology/native_prefix12_calibration/A_17_34.mp4	182504
submission/reports/stage1_anyflow/02_causal_diagnostics/local_topology/native_prefix12_calibration/A_34_39.mp4	66440
submission/reports/stage1_anyflow/02_causal_diagnostics/local_topology/native_prefix12_calibration/D.mp4	348865
submission/reports/stage1_anyflow/02_causal_diagnostics/local_topology/native_prefix12_calibration/D_0_17.mp4	161902
submission/reports/stage1_anyflow/02_causal_diagnostics/local_topology/native_prefix12_calibration/D_17_34.mp4	157874
submission/reports/stage1_anyflow/02_causal_diagnostics/local_topology/native_prefix12_calibration/D_34_39.mp4	59551
submission/reports/stage1_anyflow/02_causal_diagnostics/local_topology/native_single_anchor12_calibration/A.mp4	428123
submission/reports/stage1_anyflow/02_causal_diagnostics/local_topology/native_single_anchor12_calibration/AD_window12.mp4	806566
submission/reports/stage1_anyflow/02_causal_diagnostics/local_topology/native_single_anchor12_calibration/A_0_17.mp4	183158
submission/reports/stage1_anyflow/02_causal_diagnostics/local_topology/native_single_anchor12_calibration/A_17_34.mp4	199530
submission/reports/stage1_anyflow/02_causal_diagnostics/local_topology/native_single_anchor12_calibration/A_34_39.mp4	68084
submission/reports/stage1_anyflow/02_causal_diagnostics/local_topology/native_single_anchor12_calibration/D.mp4	368620
submission/reports/stage1_anyflow/02_causal_diagnostics/local_topology/native_single_anchor12_calibration/D_0_17.mp4	170233
submission/reports/stage1_anyflow/02_causal_diagnostics/local_topology/native_single_anchor12_calibration/D_17_34.mp4	165140
submission/reports/stage1_anyflow/02_causal_diagnostics/local_topology/native_single_anchor12_calibration/D_34_39.mp4	63845
submission/reports/stage1_anyflow/02_causal_diagnostics/local_topology/native_single_positive_A/AD_local_forks.mp4	934597
submission/reports/stage1_anyflow/02_causal_diagnostics/local_topology/native_single_positive_A/A_local39.mp4	481094
submission/reports/stage1_anyflow/02_causal_diagnostics/local_topology/native_single_positive_A/D_local39.mp4	476636
submission/reports/stage1_anyflow/02_causal_diagnostics/local_topology/native_single_positive_A/chunk0_A.mp4	198057
submission/reports/stage1_anyflow/02_causal_diagnostics/local_topology/native_single_positive_A/chunk0_D.mp4	188615
submission/reports/stage1_anyflow/02_causal_diagnostics/local_topology/native_single_positive_A/chunk1_A.mp4	213787
submission/reports/stage1_anyflow/02_causal_diagnostics/local_topology/native_single_positive_A/chunk1_D.mp4	216719
submission/reports/stage1_anyflow/02_causal_diagnostics/local_topology/native_single_positive_A/chunk2_A.mp4	66924
submission/reports/stage1_anyflow/02_causal_diagnostics/local_topology/native_single_positive_A/chunk2_D.mp4	66680
submission/reports/stage1_anyflow/02_causal_diagnostics/local_topology/native_single_positive_D/AD_local_forks.mp4	853425
submission/reports/stage1_anyflow/02_causal_diagnostics/local_topology/native_single_positive_D/A_local39.mp4	425452
submission/reports/stage1_anyflow/02_causal_diagnostics/local_topology/native_single_positive_D/D_local39.mp4	417294
submission/reports/stage1_anyflow/02_causal_diagnostics/local_topology/native_single_positive_D/chunk0_A.mp4	198057
submission/reports/stage1_anyflow/02_causal_diagnostics/local_topology/native_single_positive_D/chunk0_D.mp4	188628
submission/reports/stage1_anyflow/02_causal_diagnostics/local_topology/native_single_positive_D/chunk1_A.mp4	172114
submission/reports/stage1_anyflow/02_causal_diagnostics/local_topology/native_single_positive_D/chunk1_D.mp4	171262
submission/reports/stage1_anyflow/02_causal_diagnostics/local_topology/native_single_positive_D/chunk2_A.mp4	67688
submission/reports/stage1_anyflow/02_causal_diagnostics/local_topology/native_single_positive_D/chunk2_D.mp4	67653
submission/reports/stage1_anyflow/02_causal_diagnostics/local_topology/positive_A/AD_local_forks.mp4	896319
submission/reports/stage1_anyflow/02_causal_diagnostics/local_topology/positive_A/A_local39.mp4	459312
submission/reports/stage1_anyflow/02_causal_diagnostics/local_topology/positive_A/D_local39.mp4	459501
submission/reports/stage1_anyflow/02_causal_diagnostics/local_topology/positive_A/chunk0_A.mp4	184263
submission/reports/stage1_anyflow/02_causal_diagnostics/local_topology/positive_A/chunk0_D.mp4	183690
submission/reports/stage1_anyflow/02_causal_diagnostics/local_topology/positive_A/chunk1_A.mp4	206177
submission/reports/stage1_anyflow/02_causal_diagnostics/local_topology/positive_A/chunk1_D.mp4	202798
submission/reports/stage1_anyflow/02_causal_diagnostics/local_topology/positive_A/chunk2_A.mp4	65887
submission/reports/stage1_anyflow/02_causal_diagnostics/local_topology/positive_A/chunk2_D.mp4	65885
submission/reports/stage1_anyflow/02_causal_diagnostics/local_topology/positive_D/AD_local_forks.mp4	828371
submission/reports/stage1_anyflow/02_causal_diagnostics/local_topology/positive_D/A_local39.mp4	408405
submission/reports/stage1_anyflow/02_causal_diagnostics/local_topology/positive_D/D_local39.mp4	409044
submission/reports/stage1_anyflow/02_causal_diagnostics/local_topology/positive_D/chunk0_A.mp4	184263
submission/reports/stage1_anyflow/02_causal_diagnostics/local_topology/positive_D/chunk0_D.mp4	183412
submission/reports/stage1_anyflow/02_causal_diagnostics/local_topology/positive_D/chunk1_A.mp4	170504
submission/reports/stage1_anyflow/02_causal_diagnostics/local_topology/positive_D/chunk1_D.mp4	168650
submission/reports/stage1_anyflow/02_causal_diagnostics/local_topology/positive_D/chunk2_A.mp4	65222
submission/reports/stage1_anyflow/02_causal_diagnostics/local_topology/positive_D/chunk2_D.mp4	65609
submission/reports/stage1_anyflow/02_causal_diagnostics/local_topology/window12_calibration/A.mp4	347782
submission/reports/stage1_anyflow/02_causal_diagnostics/local_topology/window12_calibration/AD_window12.mp4	703977
submission/reports/stage1_anyflow/02_causal_diagnostics/local_topology/window12_calibration/A_0_17.mp4	162169
submission/reports/stage1_anyflow/02_causal_diagnostics/local_topology/window12_calibration/A_17_34.mp4	158431
submission/reports/stage1_anyflow/02_causal_diagnostics/local_topology/window12_calibration/A_34_39.mp4	56667
submission/reports/stage1_anyflow/02_causal_diagnostics/local_topology/window12_calibration/D.mp4	347362
submission/reports/stage1_anyflow/02_causal_diagnostics/local_topology/window12_calibration/D_0_17.mp4	160387
submission/reports/stage1_anyflow/02_causal_diagnostics/local_topology/window12_calibration/D_17_34.mp4	161616
submission/reports/stage1_anyflow/02_causal_diagnostics/local_topology/window12_calibration/D_34_39.mp4	55737
submission/reports/stage1_anyflow/03_anyflow_trials/diagonal_inference128/eval/anyflow/step_128/generated_8step_diagonal/A/cached.mp4	503397
submission/reports/stage1_anyflow/03_anyflow_trials/diagonal_inference128/eval/anyflow/step_128/generated_8step_diagonal/D/cached.mp4	459495
submission/reports/stage1_anyflow/03_anyflow_trials/diagonal_inference128/original_finite_diagonal_AD.mp4	1509616
submission/reports/stage1_anyflow/03_anyflow_trials/duration32_snapshot/eval/anyflow/step_32/generated_8step_native/A/cached.mp4	549328
submission/reports/stage1_anyflow/03_anyflow_trials/duration32_snapshot/eval/anyflow/step_32/generated_8step_native/D/cached.mp4	540008
submission/reports/stage1_anyflow/03_anyflow_trials/early_pilot/eval4_verified/A/cached.mp4	858389
submission/reports/stage1_anyflow/03_anyflow_trials/fm_full_history_shift12_32/FM32_A_4step_raw.mp4	527686
submission/reports/stage1_anyflow/03_anyflow_trials/fm_full_history_shift12_32/eval/fm/step_32/generated_4step_native/D/cached.mp4	520691
submission/reports/stage1_anyflow/03_anyflow_trials/fm_full_history_shift12_32/eval/fm/step_32/generated_8step_native/A/cached.mp4	468500
submission/reports/stage1_anyflow/03_anyflow_trials/fm_full_history_shift12_32/eval/fm/step_32/generated_8step_native/D/cached.mp4	491193
submission/reports/stage1_anyflow/03_anyflow_trials/fm_full_history_shift12_32/matched_FM32_AnyFlow32_4step_AD_diagnostic.mp4	1701003
submission/reports/stage1_anyflow/03_anyflow_trials/fm_full_history_shift12_32/matched_FM32_AnyFlow32_8step_AD_diagnostic.mp4	1404358
submission/reports/stage1_anyflow/03_anyflow_trials/full_history_candidate/eval/anyflow/step_04/generated_8step_native/A/cached.mp4	488295
submission/reports/stage1_anyflow/03_anyflow_trials/full_history_candidate/eval/anyflow/step_04/generated_8step_native/D/cached.mp4	508197
submission/reports/stage1_anyflow/03_anyflow_trials/full_history_candidate/eval/anyflow/step_16/generated_4step_native/A/cached.mp4	784685
submission/reports/stage1_anyflow/03_anyflow_trials/full_history_candidate/eval/anyflow/step_16/generated_4step_native/D/cached.mp4	730903
submission/reports/stage1_anyflow/03_anyflow_trials/full_history_candidate/eval/anyflow/step_16/generated_8step_native/A/cached.mp4	494101
submission/reports/stage1_anyflow/03_anyflow_trials/full_history_candidate/eval/anyflow/step_16/generated_8step_native/D/cached.mp4	508469
submission/reports/stage1_anyflow/03_anyflow_trials/full_history_candidate/full_history16_AD_diagnostic.mp4	1715730
submission/reports/stage1_anyflow/03_anyflow_trials/full_history_duration64/AnyFlow64_A_4step_raw.mp4	751771
submission/reports/stage1_anyflow/03_anyflow_trials/full_history_duration64/AnyFlow64_D_4step_raw.mp4	740477
submission/reports/stage1_anyflow/03_anyflow_trials/full_history_duration64/eval/anyflow/step_32/generated_8step_native/A/cached.mp4	491780
submission/reports/stage1_anyflow/03_anyflow_trials/full_history_duration64/eval/anyflow/step_32/generated_8step_native/D/cached.mp4	508236
submission/reports/stage1_anyflow/03_anyflow_trials/full_history_duration64/eval/anyflow/step_64/generated_8step_native/A/cached.mp4	479567
submission/reports/stage1_anyflow/03_anyflow_trials/full_history_duration64/eval/anyflow/step_64/generated_8step_native/D/cached.mp4	512612
submission/reports/stage1_anyflow/03_anyflow_trials/full_history_duration64/full_history64_AD_diagnostic.mp4	1676838
submission/reports/stage1_anyflow/03_anyflow_trials/full_history_duration64/original_anyflow16_anyflow32_AD.mp4	1432170
submission/reports/stage1_anyflow/03_anyflow_trials/full_history_duration64/original_anyflow16_anyflow64_4step_AD.mp4	1950155
submission/reports/stage1_anyflow/03_anyflow_trials/full_history_duration64/original_anyflow16_anyflow64_8step_AD.mp4	1433933
submission/reports/stage1_anyflow/03_anyflow_trials/full_history_step04/full_history_step04_AD_screening.mp4	1423284
submission/reports/stage1_anyflow/03_anyflow_trials/fullscope_candidate/eval/anyflow/step_16/generated_4step_native/A/cached.mp4	775157
submission/reports/stage1_anyflow/03_anyflow_trials/fullscope_candidate/eval/anyflow/step_16/generated_4step_native/D/cached.mp4	756277
submission/reports/stage1_anyflow/03_anyflow_trials/fullscope_candidate/eval/anyflow/step_16/generated_8step_native/A/cached.mp4	488100
submission/reports/stage1_anyflow/03_anyflow_trials/fullscope_candidate/eval/anyflow/step_16/generated_8step_native/D/cached.mp4	511020
submission/reports/stage1_anyflow/03_anyflow_trials/fullscope_candidate/fullscope16_AD_original_4step_8step_diagnostic.mp4	1712808
submission/reports/stage1_anyflow/03_anyflow_trials/fullscope_fm_control/eval/fm/step_16/generated_4step_native/A/cached.mp4	533334
submission/reports/stage1_anyflow/03_anyflow_trials/fullscope_fm_control/eval/fm/step_16/generated_4step_native/D/cached.mp4	524987
submission/reports/stage1_anyflow/03_anyflow_trials/fullscope_fm_control/eval/fm/step_16/generated_8step_native/A/cached.mp4	465669
submission/reports/stage1_anyflow/03_anyflow_trials/fullscope_fm_control/eval/fm/step_16/generated_8step_native/D/cached.mp4	486832
submission/reports/stage1_anyflow/03_anyflow_trials/fullscope_fm_control/matched_FM_AnyFlow_4step_AD_diagnostic.mp4	1700741
submission/reports/stage1_anyflow/03_anyflow_trials/fullscope_fm_control/matched_FM_AnyFlow_8step_AD_diagnostic.mp4	1394308
submission/reports/stage1_anyflow/03_anyflow_trials/history128/eval/anyflow/step_128/clean_8step_native/A/cached.mp4	600291
submission/reports/stage1_anyflow/03_anyflow_trials/history128/eval/anyflow/step_128/clean_8step_native/D/cached.mp4	476957
submission/reports/stage1_anyflow/03_anyflow_trials/history128/original_generated_clean_history_AD.mp4	1574766
submission/reports/stage1_anyflow/03_anyflow_trials/interval_consistency_candidate/auxiliary/eval/4step/A/cached.mp4	818587
submission/reports/stage1_anyflow/03_anyflow_trials/interval_consistency_candidate/auxiliary/eval/4step/D/cached.mp4	731286
submission/reports/stage1_anyflow/03_anyflow_trials/interval_consistency_candidate/auxiliary/eval/8step/A/cached.mp4	626935
submission/reports/stage1_anyflow/03_anyflow_trials/interval_consistency_candidate/auxiliary/eval/8step/D/cached.mp4	559038
submission/reports/stage1_anyflow/03_anyflow_trials/interval_consistency_candidate/control/eval/4step/A/cached.mp4	821465
submission/reports/stage1_anyflow/03_anyflow_trials/interval_consistency_candidate/control/eval/4step/D/cached.mp4	722610
submission/reports/stage1_anyflow/03_anyflow_trials/interval_consistency_candidate/control/eval/8step/A/cached.mp4	612250
submission/reports/stage1_anyflow/03_anyflow_trials/interval_consistency_candidate/control/eval/8step/D/cached.mp4	547388
submission/reports/stage1_anyflow/03_anyflow_trials/interval_consistency_candidate/original128_control136_4step_AD.mp4	906263
submission/reports/stage1_anyflow/03_anyflow_trials/interval_consistency_candidate/original128_control136_8step_AD.mp4	740796
submission/reports/stage1_anyflow/03_anyflow_trials/interval_consistency_candidate/original128_control_auxiliary136_4step_AD.mp4	1225223
submission/reports/stage1_anyflow/03_anyflow_trials/interval_consistency_candidate/original128_control_auxiliary136_8step_AD.mp4	993190
submission/reports/stage1_anyflow/03_anyflow_trials/pilot_snapshot/anyflow16_AD_original_4step_8step_diagnostic.mp4	1759152
submission/reports/stage1_anyflow/03_anyflow_trials/pilot_snapshot/eval/anyflow/step_00/generated_4step/A/cached.mp4	751354
submission/reports/stage1_anyflow/03_anyflow_trials/pilot_snapshot/eval/anyflow/step_00/generated_4step/D/cached.mp4	699412
submission/reports/stage1_anyflow/03_anyflow_trials/pilot_snapshot/eval/anyflow/step_04/generated_4step/A/cached.mp4	731341
submission/reports/stage1_anyflow/03_anyflow_trials/pilot_snapshot/eval/anyflow/step_04/generated_4step/D/cached.mp4	700817
submission/reports/stage1_anyflow/03_anyflow_trials/pilot_snapshot/eval/anyflow/step_08/generated_4step/A/cached.mp4	819976
submission/reports/stage1_anyflow/03_anyflow_trials/pilot_snapshot/eval/anyflow/step_08/generated_4step/D/cached.mp4	762538
submission/reports/stage1_anyflow/03_anyflow_trials/pilot_snapshot/eval/anyflow/step_12/generated_4step/A/cached.mp4	788948
submission/reports/stage1_anyflow/03_anyflow_trials/pilot_snapshot/eval/anyflow/step_12/generated_4step/D/cached.mp4	742087
submission/reports/stage1_anyflow/03_anyflow_trials/pilot_snapshot/eval/anyflow/step_16/clean_4step/A/cached.mp4	826512
submission/reports/stage1_anyflow/03_anyflow_trials/pilot_snapshot/eval/anyflow/step_16/clean_4step/D/cached.mp4	657807
submission/reports/stage1_anyflow/03_anyflow_trials/pilot_snapshot/eval/anyflow/step_16/generated_4step/A/cached.mp4	805462
submission/reports/stage1_anyflow/03_anyflow_trials/pilot_snapshot/eval/anyflow/step_16/generated_4step/D/cached.mp4	715069
submission/reports/stage1_anyflow/03_anyflow_trials/pilot_snapshot/eval/anyflow/step_16/generated_8step/A/cached.mp4	535855
submission/reports/stage1_anyflow/03_anyflow_trials/pilot_snapshot/eval/anyflow/step_16/generated_8step/D/cached.mp4	537764
submission/reports/stage1_anyflow/03_anyflow_trials/pilot_snapshot/eval/fm/step_16/generated_4step/A/cached.mp4	542487
submission/reports/stage1_anyflow/03_anyflow_trials/pilot_snapshot/eval/fm/step_16/generated_4step/D/cached.mp4	541712
submission/reports/stage1_anyflow/03_anyflow_trials/pilot_snapshot/eval/fm/step_16/generated_8step/A/cached.mp4	467768
submission/reports/stage1_anyflow/03_anyflow_trials/pilot_snapshot/eval/fm/step_16/generated_8step/D/cached.mp4	482385
submission/reports/stage1_anyflow/03_anyflow_trials/shift12_duration64/eval/anyflow/step_32/generated_8step_native/A/cached.mp4	497134
submission/reports/stage1_anyflow/03_anyflow_trials/shift12_duration64/eval/anyflow/step_32/generated_8step_native/D/cached.mp4	513281
submission/reports/stage1_anyflow/03_anyflow_trials/shift12_duration64/eval/anyflow/step_64/generated_4step_native/A/cached.mp4	758586
submission/reports/stage1_anyflow/03_anyflow_trials/shift12_duration64/eval/anyflow/step_64/generated_4step_native/D/cached.mp4	757354
submission/reports/stage1_anyflow/03_anyflow_trials/shift12_duration64/eval/anyflow/step_64/generated_8step_native/A/cached.mp4	474555
submission/reports/stage1_anyflow/03_anyflow_trials/shift12_duration64/eval/anyflow/step_64/generated_8step_native/D/cached.mp4	515418
submission/reports/stage1_anyflow/03_anyflow_trials/shift12_duration64/original_anyflow16_anyflow64_4step_AD.mp4	1954336
submission/reports/stage1_anyflow/03_anyflow_trials/shift12_duration64/original_anyflow16_anyflow64_8step_AD.mp4	1432195
submission/reports/stage1_anyflow/03_anyflow_trials/shift12_duration64/shift12_anyflow32_AD_diagnostic.mp4	1719287
submission/reports/stage1_anyflow/03_anyflow_trials/shift12_duration64/shift12_anyflow64_AD_diagnostic.mp4	1692750
submission/reports/stage1_anyflow/03_anyflow_trials/shift12_history_diagnostic/original_generated_clean_history_AD.mp4	1479572
submission/reports/stage1_anyflow/03_anyflow_trials/training_shift12/eval/anyflow/step_16/generated_4step_native/A/cached.mp4	779524
submission/reports/stage1_anyflow/03_anyflow_trials/training_shift12/eval/anyflow/step_16/generated_4step_native/D/cached.mp4	729761
submission/reports/stage1_anyflow/03_anyflow_trials/training_shift12/eval/anyflow/step_16/generated_8step_native/A/cached.mp4	492655
submission/reports/stage1_anyflow/03_anyflow_trials/training_shift12/eval/anyflow/step_16/generated_8step_native/D/cached.mp4	512922
submission/reports/stage1_anyflow/03_anyflow_trials/training_shift12/shift12_anyflow16_AD_diagnostic.mp4	1706854
submission/reports/stage1_anyflow/03_anyflow_trials/uniform_snapshot/eval/anyflow/step_00/generated_4step/A/cached.mp4	801919
submission/reports/stage1_anyflow/03_anyflow_trials/uniform_snapshot/eval/anyflow/step_00/generated_4step/D/cached.mp4	768981
submission/reports/stage1_anyflow/03_anyflow_trials/uniform_snapshot/eval/anyflow/step_16/generated_4step/A/cached.mp4	786518
submission/reports/stage1_anyflow/03_anyflow_trials/uniform_snapshot/eval/anyflow/step_16/generated_4step/D/cached.mp4	774187
submission/reports/stage1_anyflow/04_numerical_checks/native_fp32_candidate/eval/anyflow/step_00/generated_4step_native/A/cached.mp4	805539
submission/reports/stage1_anyflow/04_numerical_checks/native_fp32_candidate/eval/anyflow/step_00/generated_4step_native/D/cached.mp4	719774
submission/reports/stage1_anyflow/04_numerical_checks/native_fp32_candidate/eval/anyflow/step_16/generated_4step_native/A/cached.mp4	804135
submission/reports/stage1_anyflow/04_numerical_checks/native_fp32_candidate/eval/anyflow/step_16/generated_4step_native/D/cached.mp4	726147
submission/reports/stage1_anyflow/04_numerical_checks/native_fp32_candidate/eval/anyflow/step_16/generated_8step_native/A/cached.mp4	505740
submission/reports/stage1_anyflow/04_numerical_checks/native_fp32_candidate/eval/anyflow/step_16/generated_8step_native/D/cached.mp4	508383
submission/reports/stage1_anyflow/04_numerical_checks/native_fp32_candidate/native_fp32_16_AD_original_4step_8step_diagnostic.mp4	1727801
submission/reports/stage1_anyflow/05_runtime/gpu0_migration/eval/anyflow/step_16/generated_4step_native/A/cached.mp4	752233
submission/reports/stage1_anyflow/05_runtime/gpu0_migration/eval/anyflow/step_16/generated_4step_native/D/cached.mp4	718686
submission/reports/stage1_anyflow/05_runtime/gpu0_migration/eval/anyflow/step_16/generated_4step_uniform/A/cached.mp4	814787
submission/reports/stage1_anyflow/05_runtime/gpu0_migration/eval/anyflow/step_16/generated_4step_uniform/D/cached.mp4	757563
submission/reports/stage1_anyflow/05_runtime/gpu0_migration/eval/anyflow/step_16/generated_8step_native/A/cached.mp4	525921
submission/reports/stage1_anyflow/05_runtime/gpu0_migration/eval/anyflow/step_16/generated_8step_native/D/cached.mp4	533935
submission/reports/stage1_anyflow/05_runtime/parallel_resume68_to128/eval/anyflow/step_128/generated_4step_native/A/cached.mp4	817898
submission/reports/stage1_anyflow/05_runtime/parallel_resume68_to128/eval/anyflow/step_128/generated_4step_native/D/cached.mp4	757890
submission/reports/stage1_anyflow/05_runtime/parallel_resume68_to128/eval/anyflow/step_128/generated_8step_native/A/cached.mp4	614638
submission/reports/stage1_anyflow/05_runtime/parallel_resume68_to128/eval/anyflow/step_128/generated_8step_native/D/cached.mp4	556762
submission/reports/stage1_anyflow/05_runtime/parallel_resume68_to128/eval/anyflow/step_96/generated_8step_native/A/cached.mp4	551013
submission/reports/stage1_anyflow/05_runtime/parallel_resume68_to128/eval/anyflow/step_96/generated_8step_native/D/cached.mp4	586502
submission/reports/stage1_anyflow/05_runtime/parallel_resume68_to128/original_anyflow64_anyflow128_4step_AD.mp4	1978923
submission/reports/stage1_anyflow/05_runtime/parallel_resume68_to128/original_anyflow64_anyflow128_8step_AD.mp4	1515442
submission/reports/stage1_anyflow/05_runtime/parallel_resume68_to128/original_anyflow64_anyflow96_8step_AD.mp4	1501365
H3-World/outputs/2026-09-29-20/baseline_50step.mp4	5196326
H3-World/outputs/2026-09-29-20/smoke_2step.mp4	6931765
H3-World/outputs/2026-09-29-21/baseline_30step.mp4	5338626
H3-World/outputs/2026-09-29-21/causal_mask_2step.mp4	7911801
H3-World/outputs/2026-09-29-21/causal_mask_30step.mp4	7187882
H3-World/outputs/2026-09-30-13/benchmark_cached_cpu_124/cached.mp4	2181601
H3-World/outputs/2026-09-30-13/cache_smoke/cached.mp4	383766
H3-World/outputs/2026-09-30-14/benchmark_baseline4_124/baseline.mp4	1862984
H3-World/outputs/2026-09-30-14/benchmark_baseline_124/baseline.mp4	1299880
H3-World/outputs/2026-09-30-15/benchmark_cache_recompute_22_gpu6/cached.mp4	383198
H3-World/outputs/2026-09-30-15/benchmark_cache_recompute_22_gpu6/recompute.mp4	386136
H3-World/outputs/2026-09-30-15/benchmark_cache_recompute_22_gpu6_latents/cached.mp4	383876
H3-World/outputs/2026-09-30-15/benchmark_cache_recompute_22_gpu6_latents/recompute.mp4	386156
H3-World/outputs/2026-09-30-15/benchmark_trained_tail4_22/cached.mp4	310696
H3-World/outputs/2026-09-30-15/benchmark_trained_tail_22/cached.mp4	302699
H3-World/outputs/2026-09-30-15/teacher_baseline30_22/baseline.mp4	242796
H3-World/outputs/2026-09-30-17/benchmark_cache_recompute_22_gpu6_sdpa/cached.mp4	384097
H3-World/outputs/2026-09-30-17/benchmark_cache_recompute_22_gpu6_sdpa/recompute.mp4	383236
H3-World/outputs/2026-09-30-22/benchmark_trained_seed11_tail4_22/cached.mp4	335149
H3-World/outputs/2026-09-30-22/teacher_baseline30_22_seed11/baseline.mp4	225902
H3-World/outputs/2026-09-30-22/teacher_baseline30_22_seed7/baseline.mp4	4987
H3-World/outputs/2026-10-01-00/benchmark_multichunk_seed13_tail4_22/cached.mp4	210831
H3-World/outputs/2026-10-01-00/benchmark_multichunk_seed13_tail8_22/cached.mp4	170097
H3-World/outputs/2026-10-01-00/teacher_baseline30_22_seed13/baseline.mp4	226180
H3-World/outputs/2026-10-01-01/baseline30_seed13_124/baseline.mp4	1508904
H3-World/outputs/2026-10-01-01/dynamic_anchor_seed13_tail8_22/cached.mp4	191206
H3-World/outputs/2026-10-01-01/fixed_anchor_seed13_tail8_22/cached.mp4	170385
H3-World/outputs/2026-10-01-01/stage1_dynamic_rollout_seed13_tail8_124/cached.mp4	1812129
H3-World/outputs/2026-10-01-01/stage1_dynamic_rollout_seed13_tail8_22/cached.mp4	202089
H3-World/outputs/2026-10-01-01/stage1_historynoise08_rollout_seed13_tail8_124/cached.mp4	5117153
H3-World/outputs/2026-10-01-01/stage1_long_retimed_rollout_seed13_tail8_124/cached.mp4	3452371
H3-World/outputs/2026-10-01-01/stage1_long_retimed_rollout_trained_seed13_tail8_124/cached.mp4	4353201
H3-World/outputs/2026-10-01-01/stage1_long_rollout_seed13_tail8_124/cached.mp4	4470264
H3-World/outputs/2026-10-01-01/stage1_retimed_trained_blend075_seed13_tail8_124/cached.mp4	4582629
H3-World/outputs/2026-10-01-01/stage1_tail4_retimed_rollout_seed13_tail8_124/cached.mp4	5521303
H3-World/outputs/2026-10-01-05/baseline30_corrected_22/baseline.mp4	226392
H3-World/outputs/2026-10-01-05/stage1_dynamic_corrected_124/cached.mp4	4354940
H3-World/outputs/2026-10-01-05/stage1_dynamic_corrected_124_steps16/cached.mp4	3330046
H3-World/outputs/2026-10-01-05/stage1_dynamic_corrected_22/cached.mp4	276504
H3-World/outputs/2026-10-01-05/stage1_dynamic_shift2_rollout_124/cached.mp4	2348183
H3-World/outputs/2026-10-01-05/stage1_fixed_corrected_22/cached.mp4	256240
H3-World/outputs/2026-10-01-05/stage1_tail4_corrected_22/cached.mp4	228531
H3-World/outputs/2026-10-01-06/stage1_dynamic_shift2_tail4_rollout_124/cached.mp4	1963837
H3-World/outputs/2026-10-01-07/dual_smoke_22/cached.mp4	167950
H3-World/outputs/2026-10-01-08/dual_smoke_22_corrected/cached.mp4	291460
H3-World/outputs/2026-10-01-08/stage1_dual_shift2_tail4_rollout_124/cached.mp4	2606082
H3-World/outputs/2026-10-01-09/stage1_dual_shift2_tail4_historynoise08_rollout_124/cached.mp4	3247362
H3-World/outputs/2026-10-01-10/boundary_clamp_smoke_22/cached.mp4	320382
H3-World/outputs/2026-10-01-10/stage1_dual_shift2_tail4_blend035_124/cached.mp4	2548658
H3-World/outputs/2026-10-01-10/stage1_dual_shift2_tail4_boundaryclamp_124/cached.mp4	2017638
H3-World/outputs/2026-10-01-10/tail16_dual_243_verified/cached.mp4	5308423
H3-World/outputs/2026-10-01-11/rgb_dual_smoke_22/cached.mp4	253856
H3-World/outputs/2026-10-01-12/rgb_prefix_smoke_22/cached.mp4	250526
H3-World/outputs/2026-10-01-12/stage1_causal_cache_dual_tail4_rollout_124/cached.mp4	2916732
H3-World/outputs/2026-10-01-13/stage1_causal_cache_rgb_dual_tail4_rollout_124/cached.mp4	2723327
H3-World/outputs/2026-10-01-14/stage1_generated_history_dual_tail4_bw1_rollout_124/cached.mp4	3826766
H3-World/outputs/2026-10-01-14/stage1_generated_history_dual_tail4_bw4_rollout_124/cached.mp4	3560015
H3-World/outputs/2026-10-01-15/stage1_cached_dual_boundaryblend035_latest_124/cached.mp4	2620656
H3-World/outputs/2026-10-01-15/stage1_cached_dual_boundaryblend050_latest_124/cached.mp4	2625819
H3-World/outputs/2026-10-01-16/stage1_cached_dual_boundaryblend035_overlap2_latest_124/cached.mp4	2599153
H3-World/outputs/2026-10-01-17/rollout_history025_dual_tail4_124/cached.mp4	2853533
H3-World/outputs/2026-10-01-17/rollout_history050_dual_tail4_124/cached.mp4	3149172
H3-World/outputs/2026-10-01-18/rollout_tail16_124/cached.mp4	2214135
H3-World/outputs/2026-10-01-18/rollout_tail16_blend02_124/cached.mp4	2538174
H3-World/outputs/2026-10-01-18/rollout_tail8_124/cached.mp4	3232191
H3-World/outputs/2026-10-01-19/rollout_rgb_tail16_124/cached.mp4	1995843
H3-World/outputs/2026-10-01-20/action_A_baseline30_124/baseline.mp4	1675672
H3-World/outputs/2026-10-01-20/action_A_tail16_124/cached.mp4	2292989
H3-World/outputs/2026-10-01-20/action_D_baseline30_124/baseline.mp4	1518788
H3-World/outputs/2026-10-01-20/action_D_tail16_124/cached.mp4	2237447
H3-World/outputs/2026-10-01-20/action_S_baseline30_124/baseline.mp4	1596974
H3-World/outputs/2026-10-01-20/action_S_tail16_124/cached.mp4	2207611
H3-World/outputs/2026-10-01-20/action_W_baseline30_124/baseline.mp4	1558708
H3-World/outputs/2026-10-01-20/action_W_tail16_124/cached.mp4	2212291
H3-World/outputs/2026-10-01-21/action_A_multiaction_tail8/cached.mp4	3431585
H3-World/outputs/2026-10-01-21/action_A_teacher_latents/baseline.mp4	1675672
H3-World/outputs/2026-10-01-21/action_D_multiaction_tail8/cached.mp4	3404270
H3-World/outputs/2026-10-01-21/action_D_teacher_latents/baseline.mp4	1518788
H3-World/outputs/2026-10-01-21/action_S_multiaction_tail8/cached.mp4	3357548
H3-World/outputs/2026-10-01-21/action_S_teacher_latents/baseline.mp4	1596974
H3-World/outputs/2026-10-01-21/action_W_multiaction_tail8/cached.mp4	3431312
H3-World/outputs/2026-10-01-21/action_W_teacher_latents/baseline.mp4	1558708
H3-World/outputs/2026-10-01-21/action_schedule_DSA_multiaction_tail8/cached.mp4	3336556
H3-World/outputs/2026-10-01-21/action_schedule_DSA_tail16_124/cached.mp4	2195432
H3-World/outputs/2026-10-01-21/action_schedule_WAD_multiaction_tail8/cached.mp4	3444872
H3-World/outputs/2026-10-01-21/action_schedule_WAD_tail16_124/cached.mp4	2166040
H3-World/outputs/2026-10-01-21/action_schedule_WAD_teacher/baseline.mp4	1460073
H3-World/outputs/2026-10-02-00/action_A_multiaction_tail16_retry/cached.mp4	2915145
H3-World/outputs/2026-10-02-00/action_D_multiaction_tail16_retry/cached.mp4	2771870
H3-World/outputs/2026-10-02-00/action_S_multiaction_tail16_retry/cached.mp4	2718479
H3-World/outputs/2026-10-02-00/action_W_multiaction_tail16_retry/cached.mp4	2671998
H3-World/outputs/2026-10-02-00/action_schedule_DSA_multiaction_tail16_retry/cached.mp4	2846669
H3-World/outputs/2026-10-02-00/action_schedule_WAD_multiaction_tail16_retry/cached.mp4	2737747
H3-World/outputs/2026-10-02-03/action_A_clean30_tail16/cached.mp4	613064
H3-World/outputs/2026-10-02-03/action_A_teacher_39/baseline.mp4	433276
H3-World/outputs/2026-10-02-03/action_D_clean30_tail16/cached.mp4	520162
H3-World/outputs/2026-10-02-03/action_D_teacher_39/baseline.mp4	403575
H3-World/outputs/2026-10-02-03/action_S_clean30_tail16/cached.mp4	482188
H3-World/outputs/2026-10-02-03/action_S_teacher_39/baseline.mp4	363938
H3-World/outputs/2026-10-02-03/action_W_clean30_tail16/cached.mp4	482720
H3-World/outputs/2026-10-02-03/action_W_teacher_39/baseline.mp4	357230
H3-World/outputs/2026-10-02-04/action_A_base_causal124_latents/cached.mp4	2105871
H3-World/outputs/2026-10-02-04/action_A_base_causal124_retry2/cached.mp4	2104507
H3-World/outputs/2026-10-02-04/action_A_base_generated30_39/cached.mp4	594860
H3-World/outputs/2026-10-02-04/action_A_base_generated30_39_prefixall/cached.mp4	594150
H3-World/outputs/2026-10-02-04/action_A_base_rgbdual_124/cached.mp4	2273844
H3-World/outputs/2026-10-02-04/action_A_clean30_base/cached.mp4	598964
H3-World/outputs/2026-10-02-04/action_A_clean30_pair_tail8/cached.mp4	711798
H3-World/outputs/2026-10-02-04/action_A_generated_pair_tail8_124/cached.mp4	2557354
H3-World/outputs/2026-10-02-04/action_A_generated_reg_tail8_lr1e4_124/cached.mp4	3624411
H3-World/outputs/2026-10-02-04/action_A_individual_noreg_124/cached.mp4	3641331
H3-World/outputs/2026-10-02-04/action_A_individual_reg_124/cached.mp4	3486532
H3-World/outputs/2026-10-02-04/action_A_rgb_individual_reg1_124/cached.mp4	2933516
H3-World/outputs/2026-10-02-04/action_A_rgb_mix05_reg_124/cached.mp4	2743823
H3-World/outputs/2026-10-02-04/action_A_schedule_pair_tail8_124/cached.mp4	2556500
H3-World/outputs/2026-10-02-04/action_D_base_causal124_latents/cached.mp4	2213030
H3-World/outputs/2026-10-02-04/action_D_base_causal124_retry2/cached.mp4	2215212
H3-World/outputs/2026-10-02-04/action_D_base_generated30_39/cached.mp4	540287
H3-World/outputs/2026-10-02-04/action_D_base_generated30_39_prefixall/cached.mp4	597054
H3-World/outputs/2026-10-02-04/action_D_base_rgbdual_124/cached.mp4	1659875
H3-World/outputs/2026-10-02-04/action_D_clean30_base/cached.mp4	492736
H3-World/outputs/2026-10-02-04/action_D_clean30_pair_tail8/cached.mp4	658050
H3-World/outputs/2026-10-02-04/action_D_generated_pair_tail8_124/cached.mp4	2565336
H3-World/outputs/2026-10-02-04/action_D_generated_reg_tail8_lr1e4_124/cached.mp4	3615292
H3-World/outputs/2026-10-02-04/action_D_individual_noreg_124/cached.mp4	3211372
H3-World/outputs/2026-10-02-04/action_D_individual_reg_124/cached.mp4	3128660
H3-World/outputs/2026-10-02-04/action_D_rgb_individual_reg1_124/cached.mp4	2789131
H3-World/outputs/2026-10-02-04/action_D_rgb_mix05_reg_124/cached.mp4	2773894
H3-World/outputs/2026-10-02-04/action_D_schedule_pair_tail8_124/cached.mp4	2434340
H3-World/outputs/2026-10-02-04/action_S_base_causal124_latents/cached.mp4	2537212
H3-World/outputs/2026-10-02-04/action_S_base_causal124_retry2/cached.mp4	2536336
H3-World/outputs/2026-10-02-04/action_S_base_generated30_39/cached.mp4	508102
H3-World/outputs/2026-10-02-04/action_S_base_rgbdual_124/cached.mp4	2464787
H3-World/outputs/2026-10-02-04/action_S_generated_pair_tail8_124/cached.mp4	2568783
H3-World/outputs/2026-10-02-04/action_S_generated_reg_tail8_lr1e4_124/cached.mp4	3687720
H3-World/outputs/2026-10-02-04/action_S_individual_noreg_124/cached.mp4	3255872
H3-World/outputs/2026-10-02-04/action_S_individual_reg_124/cached.mp4	3158921
H3-World/outputs/2026-10-02-04/action_S_rgb_individual_reg1_124/cached.mp4	2762347
H3-World/outputs/2026-10-02-04/action_S_rgb_mix05_reg_124/cached.mp4	2805205
H3-World/outputs/2026-10-02-04/action_S_schedule_pair_tail8_124/cached.mp4	2715898
H3-World/outputs/2026-10-02-04/action_W_base_causal124_latents/cached.mp4	2145990
H3-World/outputs/2026-10-02-04/action_W_base_causal124_retry2/cached.mp4	2147090
H3-World/outputs/2026-10-02-04/action_W_base_generated30_39/cached.mp4	589929
H3-World/outputs/2026-10-02-04/action_W_base_rgbdual_124/cached.mp4	1674254
H3-World/outputs/2026-10-02-04/action_W_generated_pair_tail8_124/cached.mp4	2544754
H3-World/outputs/2026-10-02-04/action_W_generated_reg_tail8_lr1e4_124/cached.mp4	3597874
H3-World/outputs/2026-10-02-04/action_W_individual_noreg_124/cached.mp4	3177542
H3-World/outputs/2026-10-02-04/action_W_individual_reg_124/cached.mp4	3122070
H3-World/outputs/2026-10-02-04/action_W_rgb_individual_reg1_124/cached.mp4	2688419
H3-World/outputs/2026-10-02-04/action_W_rgb_mix05_reg_124/cached.mp4	2819652
H3-World/outputs/2026-10-02-04/action_W_schedule_pair_tail8_124/cached.mp4	2650715
H3-World/outputs/2026-10-02-04/action_schedule_DSA_teacher/baseline.mp4	1668360
H3-World/outputs/2026-10-02-04/action_schedule_WAD_base_rgbdual_124/cached.mp4	1955169
H3-World/outputs/2026-10-02-08/actionhidden_only_A_clean30_39/cached.mp4	566707
H3-World/outputs/2026-10-02-08/actionhidden_only_D_clean30_39/cached.mp4	503970
H3-World/outputs/2026-10-02-08/actionres_A_clean30_39/cached.mp4	565760
H3-World/outputs/2026-10-02-08/actionres_D_clean30_39/cached.mp4	465998
H3-World/outputs/2026-10-02-08/actionres_only_A_clean30_39/cached.mp4	609364
H3-World/outputs/2026-10-02-08/actionres_only_D_clean30_39/cached.mp4	498345
H3-World/outputs/2026-10-02-10/action_feedback_A_clean30_39/cached.mp4	601093
H3-World/outputs/2026-10-02-10/action_feedback_D_clean30_39/cached.mp4	480413
H3-World/outputs/2026-10-02-10/action_generated_hidden39_eval/A/cached.mp4	652067
H3-World/outputs/2026-10-02-10/action_generated_hidden39_eval/D/cached.mp4	648893
H3-World/outputs/2026-10-02-10/action_schedule_DSA_generated124/cached.mp4	2023748
H3-World/outputs/2026-10-02-10/action_schedule_WAD_generated124/cached.mp4	2247512
H3-World/outputs/2026-10-02-10/pairstrong_hidden39_eval/A/cached.mp4	710775
H3-World/outputs/2026-10-02-10/pairstrong_hidden39_eval/D/cached.mp4	596668
H3-World/outputs/2026-10-02-10/schedule_generated_hidden124_eval_DSA/cached.mp4	3789128
H3-World/outputs/2026-10-02-10/schedule_generated_hidden124_eval_WAD/cached.mp4	2675401
H3-World/outputs/2026-10-02-scheduled-sampling/baseline_clean_only_benchmark/cached.mp4	605142
H3-World/outputs/2026-10-02-scheduled-sampling/curriculum_0.0_to_0.5_benchmark/cached.mp4	665193
H3-World/outputs/2026-10-02-scheduled-sampling/fixed_mix_0.5_benchmark/cached.mp4	728160
H3-World/outputs/2026-10-03-02/final_fixed_mix124_8step/A/cached.mp4	3229260
H3-World/outputs/2026-10-03-02/final_fixed_mix124_8step/D/cached.mp4	2546631
H3-World/outputs/2026-10-03-02/final_fixed_mix124_8step/S/cached.mp4	2536488
H3-World/outputs/2026-10-03-02/final_fixed_mix124_8step/W/cached.mp4	1894825
H3-World/outputs/2026-10-03-02/scheduled_sampling_fair39_30steps/baseline_clean_only/A/cached.mp4	523317
H3-World/outputs/2026-10-03-02/scheduled_sampling_fair39_30steps/baseline_clean_only/D/cached.mp4	490124
H3-World/outputs/2026-10-03-02/scheduled_sampling_fair39_30steps/curriculum_0.0_to_0.5/A/cached.mp4	513457
H3-World/outputs/2026-10-03-02/scheduled_sampling_fair39_30steps/curriculum_0.0_to_0.5/D/cached.mp4	491675
H3-World/outputs/2026-10-03-02/scheduled_sampling_fair39_30steps/fixed_mix_0.5/A/cached.mp4	524900
H3-World/outputs/2026-10-03-02/scheduled_sampling_fair39_30steps/fixed_mix_0.5/D/cached.mp4	498892
H3-World/outputs/2026-10-03-17/fixedmix_rollout_eval39_4step/A/cached.mp4	763284
H3-World/outputs/2026-10-03-17/fixedmix_rollout_eval39_4step/D/cached.mp4	735564
H3-World/outputs/2026-10-03-17/online_rollout_eval39/A/cached.mp4	823019
H3-World/outputs/2026-10-03-17/online_rollout_eval39/D/cached.mp4	736317
H3-World/outputs/2026-10-03-17/online_rollout_eval39_dual/A/cached.mp4	752680
H3-World/outputs/2026-10-03-17/online_rollout_eval39_dual/D/cached.mp4	736587
H3-World/outputs/2026-10-03-21/action_feedback_ablation39/A_causal_fb/cached.mp4	781709
H3-World/outputs/2026-10-03-21/action_feedback_ablation39/A_own_nofb/cached.mp4	763108
H3-World/outputs/2026-10-03-21/action_feedback_ablation39/D_causal_fb/cached.mp4	714593
H3-World/outputs/2026-10-03-21/action_feedback_ablation39/D_own_nofb/cached.mp4	736245
H3-World/outputs/2026-10-03-21/fixedmix_feedback_eval39_8step/A/cached.mp4	721594
H3-World/outputs/2026-10-03-21/fixedmix_feedback_eval39_8step/D/cached.mp4	639699
H3-World/outputs/2026-10-03-21/online_qkv_eval1_39_8step/A/cached.mp4	740202
H3-World/outputs/2026-10-03-21/online_qkv_eval1_39_8step/D/cached.mp4	698898
H3-World/outputs/2026-10-03-21/online_sigma_feedback_39_8x4_eval/A/cached.mp4	688120
H3-World/outputs/2026-10-03-21/online_sigma_feedback_39_8x4_eval/D/cached.mp4	626313
H3-World/outputs/2026-10-03-21/online_sigma_feedback_eval1/A/cached.mp4	770148
H3-World/outputs/2026-10-03-21/online_sigma_feedback_eval1/D/cached.mp4	714950
H3-World/outputs/2026-10-03-21/tail16_plus_action_feedback_eval39_8step/A/cached.mp4	745069
H3-World/outputs/2026-10-03-21/tail16_plus_action_feedback_eval39_8step/D/cached.mp4	698269
H3-World/outputs/2026-10-03-23/online_paired_sigma_39_8x16_eval/step_04/A/cached.mp4	723329
H3-World/outputs/2026-10-03-23/online_paired_sigma_39_8x16_eval/step_04/D/cached.mp4	630470
H3-World/outputs/2026-10-03-23/online_paired_sigma_39_8x16_eval/step_08/A/cached.mp4	716838
H3-World/outputs/2026-10-03-23/online_paired_sigma_39_8x16_eval/step_08/D/cached.mp4	629987
H3-World/outputs/2026-10-03-23/online_paired_sigma_39_8x16_eval/step_12/A/cached.mp4	689241
H3-World/outputs/2026-10-03-23/online_paired_sigma_39_8x16_eval/step_12/D/cached.mp4	626043
H3-World/outputs/2026-10-03-23/online_paired_sigma_39_8x16_eval/step_16/A/cached.mp4	706035
H3-World/outputs/2026-10-03-23/online_paired_sigma_39_8x16_eval/step_16/D/cached.mp4	627948
H3-World/outputs/2026-10-03-23/online_paired_sigma_39_8x4_eval/A/cached.mp4	723574
H3-World/outputs/2026-10-03-23/online_paired_sigma_39_8x4_eval/D/cached.mp4	628921
H3-World/outputs/2026-10-04-15/action_prefix_online_pair39_8x4_eval/A/cached.mp4	721971
H3-World/outputs/2026-10-04-15/action_prefix_online_pair39_8x4_eval/D/cached.mp4	638436
H3-World/outputs/2026-10-04-17/h3_lora_tail8_online_pair39_8x1_eval/A/cached.mp4	718165
H3-World/outputs/2026-10-04-17/h3_lora_tail8_online_pair39_8x1_eval/D/cached.mp4	624189
H3-World/outputs/2026-10-04-18/action_mode_all_fixedmix39/A/cached.mp4	602051
H3-World/outputs/2026-10-04-18/action_mode_all_fixedmix39/D/cached.mp4	573172
H3-World/outputs/2026-10-04-18/online_target_pair39_8x1_retry_eval/A/cached.mp4	726389
H3-World/outputs/2026-10-04-18/online_target_pair39_8x1_retry_eval/D/cached.mp4	642127
H3-World/outputs/2026-10-04-19/stage2_minimal_final_replay39_8x1_retry2_eval/A/cached.mp4	718900
H3-World/outputs/2026-10-04-19/stage2_minimal_final_replay39_8x1_retry2_eval/D/cached.mp4	644292
H3-World/outputs/2026-10-05-03/stage2_lite_smoke39_2step/eval/A/cached.mp4	746859
H3-World/outputs/2026-10-05-03/stage2_lite_smoke39_2step/eval/D/cached.mp4	719100
H3-World/outputs/2026-10-05-04/stage2_lite_39_8step_1update/eval/A/cached.mp4	728270
H3-World/outputs/2026-10-05-04/stage2_lite_39_8step_1update/eval/D/cached.mp4	646947
H3-World/outputs/2026-10-05-05/stage2_lite_39_8step_4updates/eval/A/cached.mp4	374482
H3-World/outputs/2026-10-05-05/stage2_lite_39_8step_4updates/eval/A/cached_highprofile.mp4	717505
H3-World/outputs/2026-10-05-05/stage2_lite_39_8step_4updates/eval/D/cached.mp4	320632
H3-World/outputs/2026-10-05-05/stage2_lite_39_8step_4updates/eval/D/cached_highprofile.mp4	642435
H3-World/outputs/2026-10-05-21/clean_history_fixedmix/A/cached.mp4	680916
H3-World/outputs/2026-10-05-21/clean_history_fixedmix/D/cached.mp4	512821
H3-World/outputs/2026-10-05-21/latent_tail16_fixedmix_39_8step/eval/A/cached.mp4	491441
H3-World/outputs/2026-10-05-21/latent_tail16_fixedmix_39_8step/eval/D/cached.mp4	513722
H3-World/outputs/2026-10-05-21/rgb_anchor_fixedmix_39_8step/eval/A/cached.mp4	661706
H3-World/outputs/2026-10-05-21/rgb_anchor_fixedmix_39_8step/eval/D/cached.mp4	582498
H3-World/outputs/2026-10-05-21/rgb_tail16_fixedmix_39_8step/eval/A/cached.mp4	458828
H3-World/outputs/2026-10-05-21/rgb_tail16_fixedmix_39_8step/eval/D/cached.mp4	476966
H3-World/outputs/2026-10-05-21/rgb_tail16_v2action_39_8step/eval/A/cached.mp4	460363
H3-World/outputs/2026-10-05-21/rgb_tail16_v2action_39_8step/eval/D/cached.mp4	478800
H3-World/outputs/2026-10-05-21/stage2_lite_v2_39_8step_chunks12_sigmas4_1update/eval/A/cached.mp4	721457
H3-World/outputs/2026-10-05-21/stage2_lite_v2_39_8step_chunks12_sigmas4_1update/eval/D/cached.mp4	639971
H3-World/outputs/2026-10-05-21/stage2_lite_v2_tail16_39_8step_chunks12_sigmas4_1update/eval/A/cached.mp4	496090
H3-World/outputs/2026-10-05-21/stage2_lite_v2_tail16_39_8step_chunks12_sigmas4_1update/eval/D/cached.mp4	514482
H3-World/outputs/2026-10-05-22/stage2_lite_qkv_action_tail16_39_8step_chunks12_sigmas4_1update/eval/A/cached.mp4	547337
H3-World/outputs/2026-10-05-22/stage2_lite_qkv_action_tail16_39_8step_chunks12_sigmas4_1update/eval/D/cached.mp4	537178
H3-World/outputs/2026-10-06-01/w1_m025/eval/A/cached.mp4	543182
H3-World/outputs/2026-10-06-01/w1_m025/eval/D/cached.mp4	535842
H3-World/outputs/2026-10-06-01/w2_m05/eval/A/cached.mp4	544330
H3-World/outputs/2026-10-06-01/w2_m05/eval/D/cached.mp4	535038
H3-World/outputs/2026-10-06-02/pair_only_from_w1/eval/A/cached.mp4	543530
H3-World/outputs/2026-10-06-02/pair_only_from_w1/eval/D/cached.mp4	537463
H3-World/outputs/2026-10-06-02/pair_only_from_w2/eval/A/cached.mp4	539966
H3-World/outputs/2026-10-06-02/pair_only_from_w2/eval/D/cached.mp4	536789
H3-World/outputs/2026-10-06-03/pair_only_from_w2_no_visual/eval/A/cached.mp4	628340
H3-World/outputs/2026-10-06-03/pair_only_from_w2_no_visual/eval/D/cached.mp4	655906
H3-World/outputs/2026-10-06-03/visual_scale0.25/eval/A/cached.mp4	746522
H3-World/outputs/2026-10-06-03/visual_scale0.25/eval/D/cached.mp4	710703
H3-World/outputs/2026-10-06-03/visual_scale0.50/eval/A/cached.mp4	610994
H3-World/outputs/2026-10-06-03/visual_scale0.50/eval/D/cached.mp4	598835
H3-World/outputs/2026-10-06-04/adapter_scope_commit/eval/A/cached.mp4	659289
H3-World/outputs/2026-10-06-04/adapter_scope_commit/eval/D/cached.mp4	675316
H3-World/outputs/2026-10-06-04/adapter_scope_last_step_commit/eval/A/cached.mp4	670798
H3-World/outputs/2026-10-06-04/adapter_scope_last_step_commit/eval/D/cached.mp4	699069
H3-World/outputs/2026-10-06-05/joint_full_teacher_scale64_8x1_eval/A/cached.mp4	458268
H3-World/outputs/2026-10-06-05/joint_full_teacher_scale64_8x1_eval/D/cached.mp4	735706
H3-World/outputs/2026-10-06-06/action_gain_sweep/rgb_dual_A128D1/eval/A/cached.mp4	505529
H3-World/outputs/2026-10-06-06/action_gain_sweep/rgb_dual_A128D1/eval/D/cached.mp4	508464
H3-World/outputs/2026-10-06-06/action_gain_sweep/rgb_dual_fixedmix/eval/A/cached.mp4	506889
H3-World/outputs/2026-10-06-06/action_gain_sweep/rgb_dual_fixedmix/eval/D/cached.mp4	508180
H3-World/outputs/2026-10-06-06/action_gain_sweep/rgb_dual_scale64/eval/A/cached.mp4	423529
H3-World/outputs/2026-10-06-06/action_gain_sweep/rgb_dual_scale64/eval/D/cached.mp4	649431
H3-World/outputs/2026-10-06-06/action_gain_sweep/rgb_gain_A64_D8/eval/A/cached.mp4	423646
H3-World/outputs/2026-10-06-06/action_gain_sweep/rgb_gain_A64_D8/eval/D/cached.mp4	513014
H3-World/outputs/2026-10-06-06/action_gain_sweep/rgb_scale16/eval/A/cached.mp4	485397
H3-World/outputs/2026-10-06-06/action_gain_sweep/rgb_scale16/eval/D/cached.mp4	530506
H3-World/outputs/2026-10-06-06/action_gain_sweep/rgb_scale32/eval/A/cached.mp4	487455
H3-World/outputs/2026-10-06-06/action_gain_sweep/rgb_scale32/eval/D/cached.mp4	599727
H3-World/outputs/2026-10-06-06/action_gain_sweep/rgb_scale48/eval/A/cached.mp4	431858
H3-World/outputs/2026-10-06-06/action_gain_sweep/rgb_scale48/eval/D/cached.mp4	629914
H3-World/outputs/2026-10-06-06/action_gain_sweep/rgb_scale8/eval/A/cached.mp4	485002
H3-World/outputs/2026-10-06-06/action_gain_sweep/rgb_scale8/eval/D/cached.mp4	514525
H3-World/outputs/2026-10-06-06/online_scope_commit/eval/A/cached.mp4	672648
H3-World/outputs/2026-10-06-06/online_scope_commit/eval/D/cached.mp4	673817
H3-World/outputs/2026-10-06-06/online_scope_last_step_commit/eval/A/cached.mp4	661134
H3-World/outputs/2026-10-06-06/online_scope_last_step_commit/eval/D/cached.mp4	675459
H3-World/outputs/2026-10-06-07/full_teacher_pair_smoke_8x1_eval/A/cached.mp4	543229
H3-World/outputs/2026-10-06-07/full_teacher_pair_smoke_8x1_eval/D/cached.mp4	537062
H3-World/outputs/2026-10-06-07/stage2_lite_v2_rgb_39_8step_chunks12_sigmas4_1update/AD_rgb.mp4	932418
H3-World/outputs/2026-10-06-07/stage2_lite_v2_rgb_39_8step_chunks12_sigmas4_1update/eval_rgb/A/cached.mp4	474386
H3-World/outputs/2026-10-06-07/stage2_lite_v2_rgb_39_8step_chunks12_sigmas4_1update/eval_rgb/D/cached.mp4	493758
H3-World/outputs/2026-10-06-08/action_align_hidden_rgb_39_8step_pair1_final/AD.mp4	852154
H3-World/outputs/2026-10-06-08/action_align_hidden_rgb_39_8step_pair1_final/eval/A/cached.mp4	510338
H3-World/outputs/2026-10-06-08/action_align_hidden_rgb_39_8step_pair1_final/eval/D/cached.mp4	494405
H3-World/outputs/2026-10-06-08/action_align_qkv_tail4_rgb_39_8step_pair1_final/AD.mp4	840359
H3-World/outputs/2026-10-06-08/action_align_qkv_tail4_rgb_39_8step_pair1_final/eval/A/cached.mp4	510881
H3-World/outputs/2026-10-06-08/action_align_qkv_tail4_rgb_39_8step_pair1_final/eval/D/cached.mp4	509250
H3-World/outputs/2026-10-06-08/action_align_qkv_tail4_rgb_39_8step_pair4_final/eval_update01/A/cached.mp4	507875
H3-World/outputs/2026-10-06-08/action_align_qkv_tail4_rgb_39_8step_pair4_final/eval_update01/D/cached.mp4	509523
H3-World/outputs/2026-10-06-08/action_align_qkv_tail4_rgb_39_8step_pair4_final/eval_update02/A/cached.mp4	508946
H3-World/outputs/2026-10-06-08/action_align_qkv_tail4_rgb_39_8step_pair4_final/eval_update02/D/cached.mp4	501219
H3-World/outputs/2026-10-06-08/action_align_qkv_tail4_rgb_39_8step_pair4_final/eval_update03/A/cached.mp4	507904
H3-World/outputs/2026-10-06-08/action_align_qkv_tail4_rgb_39_8step_pair4_final/eval_update03/D/cached.mp4	512718
H3-World/outputs/2026-10-06-08/action_align_qkv_tail4_rgb_39_8step_pair4_final/eval_update04/A/cached.mp4	510635
H3-World/outputs/2026-10-06-08/action_align_qkv_tail4_rgb_39_8step_pair4_final/eval_update04/D/cached.mp4	510052
H3-World/outputs/2026-10-06-08/action_h3_lora_align_full_teacher_rgb_39_8step_1update/eval/A/cached.mp4	465345
H3-World/outputs/2026-10-06-08/action_h3_lora_align_full_teacher_rgb_39_8step_1update/eval/D/cached.mp4	483531
H3-World/outputs/2026-10-06-08/action_prefix_align_full_teacher_rgb_39_8step_1update/eval/A/cached.mp4	461599
H3-World/outputs/2026-10-06-08/action_prefix_align_full_teacher_rgb_39_8step_1update/eval/D/cached.mp4	479191
H3-World/outputs/2026-10-06-08/gain_smoke_eval/A/cached.mp4	427055
H3-World/outputs/2026-10-06-08/gain_smoke_eval/D/cached.mp4	515618
H3-World/outputs/2026-10-06-08/scale2/eval/A/cached.mp4	539979
H3-World/outputs/2026-10-06-08/scale2/eval/D/cached.mp4	535200
H3-World/outputs/2026-10-06-08/scale4/eval/A/cached.mp4	538231
H3-World/outputs/2026-10-06-08/scale4/eval/D/cached.mp4	537318
H3-World/outputs/2026-10-06-08/scale64/eval/A/cached.mp4	467001
H3-World/outputs/2026-10-06-08/scale64/eval/D/cached.mp4	733745
H3-World/outputs/2026-10-06-09/eval_step01/A/cached.mp4	448266
H3-World/outputs/2026-10-06-09/eval_step01/D/cached.mp4	515211
H3-World/outputs/2026-10-06-09/eval_step02/A/cached.mp4	426101
H3-World/outputs/2026-10-06-09/eval_step02/D/cached.mp4	506214
H3-World/outputs/2026-10-06-09/eval_step03/A/cached.mp4	423599
H3-World/outputs/2026-10-06-09/eval_step03/D/cached.mp4	510436
H3-World/outputs/2026-10-06-09/eval_step04/A/cached.mp4	419631
H3-World/outputs/2026-10-06-09/eval_step04/D/cached.mp4	508266
H3-World/outputs/2026-10-06-09/stage2_lite_rgb_endpoint_integrated_39_8step_chunks12_sigmas4_1update/eval/A/cached.mp4	460282
H3-World/outputs/2026-10-06-09/stage2_lite_rgb_endpoint_integrated_39_8step_chunks12_sigmas4_1update/eval/D/cached.mp4	479980
H3-World/outputs/2026-10-06-09/visual_online_rgb_tail16_endpoint_ad2/eval/A/cached.mp4	459206
H3-World/outputs/2026-10-06-09/visual_online_rgb_tail16_endpoint_ad2/eval/D/cached.mp4	479101
H3-World/outputs/2026-10-06-09/visual_online_rgb_tail16_endpoint_ad2/eval124/A/cached.mp4	1434029
H3-World/outputs/2026-10-06-09/visual_online_rgb_tail16_endpoint_ad2/eval124/D/cached.mp4	1413400
H3-World/outputs/2026-10-06-09/visual_online_rgb_tail16_endpoint_ad2/eval124/S/cached.mp4	2159781
H3-World/outputs/2026-10-06-09/visual_online_rgb_tail16_endpoint_ad2/eval124/W/cached.mp4	1366164
H3-World/outputs/2026-10-06-09/visual_online_rgb_tail16_endpoint_smoke/eval/A/cached.mp4	460193
H3-World/outputs/2026-10-06-09/visual_online_rgb_tail16_endpoint_smoke/eval/D/cached.mp4	477200
H3-World/outputs/2026-10-06-16/action_qkv_latent_endpoint_pair_rgb_39_8step_1update/eval/A/cached.mp4	509947
H3-World/outputs/2026-10-06-16/action_qkv_latent_endpoint_pair_rgb_39_8step_1update/eval/D/cached.mp4	501216
H3-World/outputs/2026-10-06-16/action_qkv_own_endpoint_pair_rgb_39_8step_1update/eval/A/cached.mp4	506707
H3-World/outputs/2026-10-06-16/action_qkv_own_endpoint_pair_rgb_39_8step_1update/eval/D/cached.mp4	493603
H3-World/outputs/2026-10-06-16/routing_all_rgb_39_8step/A/cached.mp4	551279
H3-World/outputs/2026-10-06-16/routing_all_rgb_39_8step/D/cached.mp4	540588
H3-World/outputs/2026-10-06-16/routing_all_rgb_39_8step/still/cached.mp4	541476
H3-World/outputs/2026-10-07-00/long_rgb_visual/causal_243/cached.mp4	2493244
H3-World/outputs/2026-10-07-00/long_rgb_visual/causal_481/cached.mp4	7113664
H3-World/outputs/2026-10-07-00/long_rgb_visual/original_243/baseline.mp4	2849053
H3-World/outputs/2026-10-07-00/long_rgb_visual/original_481/baseline.mp4	5256318
H3-World/outputs/2026-10-08-02/stage1_anyflow39_pilot/eval/anyflow/step_00/generated_4step/A/cached.mp4	751354
H3-World/outputs/2026-10-08-02/stage1_anyflow39_pilot/eval/anyflow/step_00/generated_4step/D/cached.mp4	699412
H3-World/outputs/2026-10-08-02/stage1_anyflow39_pilot/eval/anyflow/step_04/generated_4step/A/cached.mp4	731341
H3-World/outputs/2026-10-08-02/stage1_anyflow39_pilot/eval/anyflow/step_04/generated_4step/D/cached.mp4	700817
H3-World/outputs/2026-10-08-02/stage1_anyflow39_pilot/eval/anyflow/step_08/generated_4step/A/cached.mp4	819976
H3-World/outputs/2026-10-08-02/stage1_anyflow39_pilot/eval/anyflow/step_08/generated_4step/D/cached.mp4	762538
H3-World/outputs/2026-10-08-02/stage1_anyflow39_pilot/eval/anyflow/step_12/generated_4step/A/cached.mp4	788948
H3-World/outputs/2026-10-08-02/stage1_anyflow39_pilot/eval/anyflow/step_12/generated_4step/D/cached.mp4	742087
H3-World/outputs/2026-10-08-02/stage1_anyflow39_pilot/eval/anyflow/step_16/clean_4step/A/cached.mp4	826512
H3-World/outputs/2026-10-08-02/stage1_anyflow39_pilot/eval/anyflow/step_16/clean_4step/D/cached.mp4	657807
H3-World/outputs/2026-10-08-02/stage1_anyflow39_pilot/eval/anyflow/step_16/generated_4step/A/cached.mp4	805462
H3-World/outputs/2026-10-08-02/stage1_anyflow39_pilot/eval/anyflow/step_16/generated_4step/D/cached.mp4	715069
H3-World/outputs/2026-10-08-02/stage1_anyflow39_pilot/eval/anyflow/step_16/generated_8step/A/cached.mp4	535855
H3-World/outputs/2026-10-08-02/stage1_anyflow39_pilot/eval/anyflow/step_16/generated_8step/D/cached.mp4	537764
H3-World/outputs/2026-10-08-02/stage1_anyflow39_pilot/eval/fm/step_16/generated_4step/A/cached.mp4	542487
H3-World/outputs/2026-10-08-02/stage1_anyflow39_pilot/eval/fm/step_16/generated_4step/D/cached.mp4	541712
H3-World/outputs/2026-10-08-02/stage1_anyflow39_pilot/eval/fm/step_16/generated_8step/A/cached.mp4	467768
H3-World/outputs/2026-10-08-02/stage1_anyflow39_pilot/eval/fm/step_16/generated_8step/D/cached.mp4	482385
H3-World/outputs/2026-10-08-02/stage1_anyflow39_pilot/report/anyflow16_AD_original_4step_8step_diagnostic.mp4	1759152
H3-World/outputs/2026-10-08-02/stage1_anyflow39_smoke/eval4_verified/A/cached.mp4	858389
H3-World/outputs/2026-10-08-03/stage1_anyflow39_uniform/eval/anyflow/step_00/generated_4step/A/cached.mp4	801919
H3-World/outputs/2026-10-08-03/stage1_anyflow39_uniform/eval/anyflow/step_00/generated_4step/D/cached.mp4	768981
H3-World/outputs/2026-10-08-03/stage1_anyflow39_uniform/eval/anyflow/step_16/generated_4step/A/cached.mp4	786518
H3-World/outputs/2026-10-08-03/stage1_anyflow39_uniform/eval/anyflow/step_16/generated_4step/D/cached.mp4	774187
H3-World/outputs/2026-10-08-05/stage1_anyflow39_gpu0/eval/anyflow/step_16/generated_4step_native/A/cached.mp4	752233
H3-World/outputs/2026-10-08-05/stage1_anyflow39_gpu0/eval/anyflow/step_16/generated_4step_native/D/cached.mp4	718686
H3-World/outputs/2026-10-08-05/stage1_anyflow39_gpu0/eval/anyflow/step_16/generated_4step_uniform/A/cached.mp4	814787
H3-World/outputs/2026-10-08-05/stage1_anyflow39_gpu0/eval/anyflow/step_16/generated_4step_uniform/D/cached.mp4	757563
H3-World/outputs/2026-10-08-05/stage1_anyflow39_gpu0/eval/anyflow/step_16/generated_8step_native/A/cached.mp4	525921
H3-World/outputs/2026-10-08-05/stage1_anyflow39_gpu0/eval/anyflow/step_16/generated_8step_native/D/cached.mp4	533935
H3-World/outputs/2026-10-08-05/stage1_anyflow39_gpu0_extend64_fullmem/eval/anyflow/step_32/generated_8step_native/A/cached.mp4	549328
H3-World/outputs/2026-10-08-05/stage1_anyflow39_gpu0_extend64_fullmem/eval/anyflow/step_32/generated_8step_native/D/cached.mp4	540008
H3-World/outputs/2026-10-08-06/stage1_anyflow39_fullscope/eval/anyflow/step_16/generated_4step_native/A/cached.mp4	775157
H3-World/outputs/2026-10-08-06/stage1_anyflow39_fullscope/eval/anyflow/step_16/generated_4step_native/D/cached.mp4	756277
H3-World/outputs/2026-10-08-06/stage1_anyflow39_fullscope/eval/anyflow/step_16/generated_8step_native/A/cached.mp4	488100
H3-World/outputs/2026-10-08-06/stage1_anyflow39_fullscope/eval/anyflow/step_16/generated_8step_native/D/cached.mp4	511020
H3-World/outputs/2026-10-08-06/stage1_anyflow39_fullscope/report/fullscope16_AD_original_4step_8step_diagnostic.mp4	1712808
H3-World/outputs/2026-10-08-06/stage1_anyflow39_precision_training/eval/anyflow/step_00/generated_4step_native/A/cached.mp4	805539
H3-World/outputs/2026-10-08-06/stage1_anyflow39_precision_training/eval/anyflow/step_00/generated_4step_native/D/cached.mp4	719774
H3-World/outputs/2026-10-08-06/stage1_anyflow39_precision_training/eval/anyflow/step_16/generated_4step_native/A/cached.mp4	804135
H3-World/outputs/2026-10-08-06/stage1_anyflow39_precision_training/eval/anyflow/step_16/generated_4step_native/D/cached.mp4	726147
H3-World/outputs/2026-10-08-06/stage1_anyflow39_precision_training/eval/anyflow/step_16/generated_8step_native/A/cached.mp4	505740
H3-World/outputs/2026-10-08-06/stage1_anyflow39_precision_training/eval/anyflow/step_16/generated_8step_native/D/cached.mp4	508383
H3-World/outputs/2026-10-08-06/stage1_anyflow39_precision_training/report/native_fp32_16_AD_original_4step_8step_diagnostic.mp4	1727801
H3-World/outputs/2026-10-08-07/stage1_fm39_fullscope_control/eval/fm/step_16/generated_4step_native/A/cached.mp4	533334
H3-World/outputs/2026-10-08-07/stage1_fm39_fullscope_control/eval/fm/step_16/generated_4step_native/D/cached.mp4	524987
H3-World/outputs/2026-10-08-07/stage1_fm39_fullscope_control/eval/fm/step_16/generated_8step_native/A/cached.mp4	465669
H3-World/outputs/2026-10-08-07/stage1_fm39_fullscope_control/eval/fm/step_16/generated_8step_native/D/cached.mp4	486832
H3-World/outputs/2026-10-08-07/stage1_fm39_fullscope_control/report/matched_FM_AnyFlow_4step_AD_diagnostic.mp4	1700741
H3-World/outputs/2026-10-08-07/stage1_fm39_fullscope_control/report/matched_FM_AnyFlow_8step_AD_diagnostic.mp4	1394308
H3-World/outputs/2026-10-08-08/stage1_anyflow39_full_history/eval/anyflow/step_04/generated_8step_native/A/cached.mp4	488295
H3-World/outputs/2026-10-08-08/stage1_anyflow39_full_history/eval/anyflow/step_04/generated_8step_native/D/cached.mp4	508197
H3-World/outputs/2026-10-08-08/stage1_anyflow39_full_history/eval/anyflow/step_16/generated_4step_native/A/cached.mp4	784685
H3-World/outputs/2026-10-08-08/stage1_anyflow39_full_history/eval/anyflow/step_16/generated_4step_native/D/cached.mp4	730903
H3-World/outputs/2026-10-08-08/stage1_anyflow39_full_history/eval/anyflow/step_16/generated_8step_native/A/cached.mp4	494101
H3-World/outputs/2026-10-08-08/stage1_anyflow39_full_history/eval/anyflow/step_16/generated_8step_native/D/cached.mp4	508469
H3-World/outputs/2026-10-08-08/stage1_anyflow39_full_history/report/full_history_step04_AD_screening.mp4	1423284
H3-World/outputs/2026-10-08-09/stage1_training_shift12/eval/anyflow/step_16/generated_4step_native/A/cached.mp4	779524
H3-World/outputs/2026-10-08-09/stage1_training_shift12/eval/anyflow/step_16/generated_4step_native/D/cached.mp4	729761
H3-World/outputs/2026-10-08-09/stage1_training_shift12/eval/anyflow/step_16/generated_8step_native/A/cached.mp4	492655
H3-World/outputs/2026-10-08-09/stage1_training_shift12/eval/anyflow/step_16/generated_8step_native/D/cached.mp4	512922
H3-World/outputs/2026-10-08-10/stage1_fm_full_history_shift12_32/eval/fm/step_32/generated_4step_native/A/cached.mp4	527686
H3-World/outputs/2026-10-08-10/stage1_fm_full_history_shift12_32/eval/fm/step_32/generated_4step_native/D/cached.mp4	520691
H3-World/outputs/2026-10-08-10/stage1_fm_full_history_shift12_32/eval/fm/step_32/generated_8step_native/A/cached.mp4	468500
H3-World/outputs/2026-10-08-10/stage1_fm_full_history_shift12_32/eval/fm/step_32/generated_8step_native/D/cached.mp4	491193
H3-World/outputs/2026-10-08-10/stage1_fm_full_history_shift12_32/report/matched_FM32_AnyFlow32_4step_AD_diagnostic.mp4	1701003
H3-World/outputs/2026-10-08-10/stage1_fm_full_history_shift12_32/report/matched_FM32_AnyFlow32_8step_AD_diagnostic.mp4	1404358
H3-World/outputs/2026-10-08-10/stage1_full_history_duration64/eval/anyflow/step_32/generated_8step_native/A/cached.mp4	491780
H3-World/outputs/2026-10-08-10/stage1_full_history_duration64/eval/anyflow/step_32/generated_8step_native/D/cached.mp4	508236
H3-World/outputs/2026-10-08-10/stage1_full_history_duration64/eval/anyflow/step_64/generated_4step_native/A/cached.mp4	751771
H3-World/outputs/2026-10-08-10/stage1_full_history_duration64/eval/anyflow/step_64/generated_4step_native/D/cached.mp4	740477
H3-World/outputs/2026-10-08-10/stage1_full_history_duration64/eval/anyflow/step_64/generated_8step_native/A/cached.mp4	479567
H3-World/outputs/2026-10-08-10/stage1_full_history_duration64/eval/anyflow/step_64/generated_8step_native/D/cached.mp4	512612
H3-World/outputs/2026-10-08-10/stage1_full_history_duration64/report/full_history64_AD_diagnostic.mp4	1676838
H3-World/outputs/2026-10-08-10/stage1_full_history_duration64/report/original_anyflow16_anyflow64_4step_AD.mp4	1950155
H3-World/outputs/2026-10-08-10/stage1_full_history_duration64/report/original_anyflow16_anyflow64_8step_AD.mp4	1433933
H3-World/outputs/2026-10-08-10/stage1_shift12_clean_history39/eval/anyflow/step_16/clean_8step_native/A/cached.mp4	588083
H3-World/outputs/2026-10-08-10/stage1_shift12_clean_history39/eval/anyflow/step_16/clean_8step_native/D/cached.mp4	496264
H3-World/outputs/2026-10-08-10/stage1_shift12_duration64/eval/anyflow/step_32/generated_8step_native/A/cached.mp4	497134
H3-World/outputs/2026-10-08-10/stage1_shift12_duration64/eval/anyflow/step_32/generated_8step_native/D/cached.mp4	513281
H3-World/outputs/2026-10-08-10/stage1_shift12_duration64/eval/anyflow/step_64/generated_4step_native/A/cached.mp4	758586
H3-World/outputs/2026-10-08-10/stage1_shift12_duration64/eval/anyflow/step_64/generated_4step_native/D/cached.mp4	757354
H3-World/outputs/2026-10-08-10/stage1_shift12_duration64/eval/anyflow/step_64/generated_8step_native/A/cached.mp4	474555
H3-World/outputs/2026-10-08-10/stage1_shift12_duration64/eval/anyflow/step_64/generated_8step_native/D/cached.mp4	515418
H3-World/outputs/2026-10-08-11/stage1_shift12_step32_4step/eval/anyflow/step_32/generated_4step_native/A/cached.mp4	787581
H3-World/outputs/2026-10-08-11/stage1_shift12_step32_4step/eval/anyflow/step_32/generated_4step_native/D/cached.mp4	719830
H3-World/outputs/2026-10-08-13/stage1_parallel_resume68_to128/eval/anyflow/step_128/generated_4step_native/A/cached.mp4	817898
H3-World/outputs/2026-10-08-13/stage1_parallel_resume68_to128/eval/anyflow/step_128/generated_4step_native/D/cached.mp4	757890
H3-World/outputs/2026-10-08-13/stage1_parallel_resume68_to128/eval/anyflow/step_128/generated_8step_native/A/cached.mp4	614638
H3-World/outputs/2026-10-08-13/stage1_parallel_resume68_to128/eval/anyflow/step_128/generated_8step_native/D/cached.mp4	556762
H3-World/outputs/2026-10-08-13/stage1_parallel_resume68_to128/eval/anyflow/step_96/generated_8step_native/A/cached.mp4	551013
H3-World/outputs/2026-10-08-13/stage1_parallel_resume68_to128/eval/anyflow/step_96/generated_8step_native/D/cached.mp4	586502
H3-World/outputs/2026-10-08-14/stage1_shift12_counterfactual128/eval/anyflow/step_128/clean_8step_native/A_to_D/cached.mp4	601932
H3-World/outputs/2026-10-08-14/stage1_shift12_counterfactual128/eval/anyflow/step_128/clean_8step_native/D_to_A/cached.mp4	491245
H3-World/outputs/2026-10-08-14/stage1_shift12_counterfactual128/report/fixed_history_action_intervention_39.mp4	1099847
H3-World/outputs/2026-10-08-14/stage1_shift12_history128/eval/anyflow/step_128/clean_8step_native/A/cached.mp4	600291
H3-World/outputs/2026-10-08-14/stage1_shift12_history128/eval/anyflow/step_128/clean_8step_native/D/cached.mp4	476957
H3-World/outputs/2026-10-08-15/stage1_diagonal_inference128/eval/anyflow/step_128/generated_8step_diagonal/A/cached.mp4	503397
H3-World/outputs/2026-10-08-15/stage1_diagonal_inference128/eval/anyflow/step_128/generated_8step_diagonal/D/cached.mp4	459495
H3-World/outputs/2026-10-08-15/stage1_interval_consistency_candidate/auxiliary/eval/4step/A/cached.mp4	818587
H3-World/outputs/2026-10-08-15/stage1_interval_consistency_candidate/auxiliary/eval/4step/D/cached.mp4	731286
H3-World/outputs/2026-10-08-15/stage1_interval_consistency_candidate/auxiliary/eval/8step/A/cached.mp4	626935
H3-World/outputs/2026-10-08-15/stage1_interval_consistency_candidate/auxiliary/eval/8step/D/cached.mp4	559038
H3-World/outputs/2026-10-08-15/stage1_interval_consistency_candidate/control/eval/4step/A/cached.mp4	821465
H3-World/outputs/2026-10-08-15/stage1_interval_consistency_candidate/control/eval/4step/D/cached.mp4	722610
H3-World/outputs/2026-10-08-15/stage1_interval_consistency_candidate/control/eval/8step/A/cached.mp4	612250
H3-World/outputs/2026-10-08-15/stage1_interval_consistency_candidate/control/eval/8step/D/cached.mp4	547388
H3-World/outputs/2026-10-08-15/stage1_interval_consistency_candidate/report/original128_control136_4step_AD.mp4	906263
H3-World/outputs/2026-10-08-15/stage1_interval_consistency_candidate/report/original128_control136_8step_AD.mp4	740796
H3-World/outputs/2026-10-08-15/stage1_interval_consistency_candidate/report/original128_control_auxiliary136_4step_AD.mp4	1225223
H3-World/outputs/2026-10-08-15/stage1_interval_consistency_candidate/report/original128_control_auxiliary136_8step_AD.mp4	993190
H3-World/outputs/2026-10-08-18/stage1_real_abot_fm/eval/original/generated_30/118eb5d8b75e1b8ac23a4e9ae77af9a9_A_1140/video.mp4	2382351
H3-World/outputs/2026-10-08-18/stage1_real_abot_fm/eval/original/generated_30/dfec8ed3237860eba14d67c089ecd041_D_1750/video.mp4	1780490
H3-World/outputs/2026-10-08-18/stage1_real_abot_fm/eval/step_00/generated_30/118eb5d8b75e1b8ac23a4e9ae77af9a9_A_1140/video.mp4	2218465
H3-World/outputs/2026-10-08-18/stage1_real_abot_fm/eval/step_00/generated_30/dfec8ed3237860eba14d67c089ecd041_D_1750/video.mp4	2276319
H3-World/outputs/2026-10-08-18/stage1_real_abot_fm/eval/step_00/gt_30/118eb5d8b75e1b8ac23a4e9ae77af9a9_A_1140/video.mp4	2397080
H3-World/outputs/2026-10-08-18/stage1_real_abot_fm/eval/step_00/gt_30/dfec8ed3237860eba14d67c089ecd041_D_1750/video.mp4	1896945
H3-World/outputs/2026-10-08-18/stage1_real_abot_fm/eval/step_48/generated_30/118eb5d8b75e1b8ac23a4e9ae77af9a9_A_1140/video.mp4	1740973
H3-World/outputs/2026-10-08-18/stage1_real_abot_fm/eval/step_48/generated_30/dfec8ed3237860eba14d67c089ecd041_D_1750/video.mp4	2055232
H3-World/outputs/2026-10-08-18/stage1_real_abot_fm/eval/step_48/generated_8/118eb5d8b75e1b8ac23a4e9ae77af9a9_A_1140/video.mp4	2494647
H3-World/outputs/2026-10-08-18/stage1_real_abot_fm/eval/step_48/generated_8/dfec8ed3237860eba14d67c089ecd041_D_1750/video.mp4	2460391
H3-World/outputs/2026-10-08-18/stage1_real_abot_fm/eval/step_48/gt_30/118eb5d8b75e1b8ac23a4e9ae77af9a9_A_1140/video.mp4	2177008
H3-World/outputs/2026-10-08-18/stage1_real_abot_fm/eval/step_48/gt_30/dfec8ed3237860eba14d67c089ecd041_D_1750/video.mp4	1787509
H3-World/outputs/2026-10-08-18/stage1_real_abot_fm/parking/step_00/30step/A/cached.mp4	500333
H3-World/outputs/2026-10-08-18/stage1_real_abot_fm/parking/step_00/30step/D/cached.mp4	495123
H3-World/outputs/2026-10-08-18/stage1_real_abot_fm/parking/step_00/8step/A/cached.mp4	559137
H3-World/outputs/2026-10-08-18/stage1_real_abot_fm/parking/step_00/8step/D/cached.mp4	568939
H3-World/outputs/2026-10-08-18/stage1_real_abot_fm/parking/step_48/30step/A/cached.mp4	439550
H3-World/outputs/2026-10-08-18/stage1_real_abot_fm/parking/step_48/30step/D/cached.mp4	432887
H3-World/outputs/2026-10-08-18/stage1_real_abot_fm/parking/step_48/8step/A/cached.mp4	476556
H3-World/outputs/2026-10-08-18/stage1_real_abot_fm/parking/step_48/8step/D/cached.mp4	501029
H3-World/outputs/2026-10-08-18/stage1_real_abot_fm/pure_action/original30/A/video.mp4	1797723
H3-World/outputs/2026-10-08-18/stage1_real_abot_fm/pure_action/original30/D/video.mp4	1797188
H3-World/outputs/2026-10-08-18/stage1_real_abot_fm/report/baseline_complete_generated30/118eb5d8b75e1b8ac23a4e9ae77af9a9_A_1140_comparison.mp4	1243373
H3-World/outputs/2026-10-08-18/stage1_real_abot_fm/report/baseline_complete_generated30/dfec8ed3237860eba14d67c089ecd041_D_1750_comparison.mp4	1287026
H3-World/outputs/2026-10-08-18/stage1_real_abot_fm/report/baseline_complete_gt30/118eb5d8b75e1b8ac23a4e9ae77af9a9_A_1140_comparison.mp4	1304678
H3-World/outputs/2026-10-08-18/stage1_real_abot_fm/report/baseline_complete_gt30/dfec8ed3237860eba14d67c089ecd041_D_1750_comparison.mp4	1213234
H3-World/outputs/2026-10-08-18/stage1_real_abot_fm/report/baseline_partial_generated30/118eb5d8b75e1b8ac23a4e9ae77af9a9_A_1140_comparison.mp4	1243373
H3-World/outputs/2026-10-08-18/stage1_real_abot_fm/report/baseline_partial_generated30/dfec8ed3237860eba14d67c089ecd041_D_1750_comparison.mp4	797324
H3-World/outputs/2026-10-08-18/stage1_real_abot_fm/report/baseline_partial_gt30/118eb5d8b75e1b8ac23a4e9ae77af9a9_A_1140_comparison.mp4	1304678
H3-World/outputs/2026-10-08-18/stage1_real_abot_fm/report/baseline_partial_gt30/dfec8ed3237860eba14d67c089ecd041_D_1750_comparison.mp4	797267
H3-World/outputs/2026-10-08-18/stage1_real_abot_fm/report/parking_baseline_complete/original_causal0_30_8_AD.mp4	708021
H3-World/outputs/2026-10-08-18/stage1_real_abot_fm/report/parking_step00_30step/original_causal_AD.mp4	486235
H3-World/outputs/2026-10-08-18/stage1_real_abot_fm/report/parking_step00_8step/original_causal_AD.mp4	482258
H3-World/outputs/2026-10-08-18/stage1_real_abot_fm/report/parking_step48_30step/original_causal_AD.mp4	691014
H3-World/outputs/2026-10-08-18/stage1_real_abot_fm/report/parking_step48_8step/original_causal_AD.mp4	679057
H3-World/outputs/2026-10-08-18/stage1_real_abot_fm/report/trained_complete_generated30/118eb5d8b75e1b8ac23a4e9ae77af9a9_A_1140_comparison.mp4	1520577
H3-World/outputs/2026-10-08-18/stage1_real_abot_fm/report/trained_complete_generated30/dfec8ed3237860eba14d67c089ecd041_D_1750_comparison.mp4	1716238
H3-World/outputs/2026-10-08-18/stage1_real_abot_fm/report/trained_complete_generated8/118eb5d8b75e1b8ac23a4e9ae77af9a9_A_1140_comparison.mp4	1226166
H3-World/outputs/2026-10-08-18/stage1_real_abot_fm/report/trained_complete_generated8/dfec8ed3237860eba14d67c089ecd041_D_1750_comparison.mp4	1247336
H3-World/outputs/2026-10-08-18/stage1_real_abot_fm/report/trained_complete_gt30/118eb5d8b75e1b8ac23a4e9ae77af9a9_A_1140_comparison.mp4	1691907
H3-World/outputs/2026-10-08-18/stage1_real_abot_fm/report/trained_complete_gt30/dfec8ed3237860eba14d67c089ecd041_D_1750_comparison.mp4	1604713
H3-World/outputs/2026-10-08-18/stage1_real_abot_fm/review/first_trained_gt30/video.mp4	2177008
H3-World/outputs/2026-10-08-23/stage1_fm_density_control/eval/step_48/generated_30/118eb5d8b75e1b8ac23a4e9ae77af9a9_A_1140/video.mp4	1641845
H3-World/outputs/2026-10-08-23/stage1_fm_density_control/eval/step_48/generated_30/dfec8ed3237860eba14d67c089ecd041_D_1750/video.mp4	1890790
H3-World/outputs/2026-10-08-23/stage1_fm_density_control/eval/step_48/generated_8/118eb5d8b75e1b8ac23a4e9ae77af9a9_A_1140/video.mp4	2214421
H3-World/outputs/2026-10-08-23/stage1_fm_density_control/eval/step_48/generated_8/dfec8ed3237860eba14d67c089ecd041_D_1750/video.mp4	2426975
H3-World/outputs/2026-10-08-23/stage1_fm_density_control/eval/step_48/gt_30/118eb5d8b75e1b8ac23a4e9ae77af9a9_A_1140/video.mp4	2087755
H3-World/outputs/2026-10-08-23/stage1_fm_density_control/eval/step_48/gt_30/dfec8ed3237860eba14d67c089ecd041_D_1750/video.mp4	1722707
H3-World/outputs/2026-10-08-23/stage1_fm_density_control/parking/step_48/30step/A/cached.mp4	431786
H3-World/outputs/2026-10-08-23/stage1_fm_density_control/parking/step_48/30step/D/cached.mp4	392694
H3-World/outputs/2026-10-08-23/stage1_fm_density_control/parking/step_48/8step/A/cached.mp4	466084
H3-World/outputs/2026-10-08-23/stage1_fm_density_control/parking/step_48/8step/D/cached.mp4	471591
H3-World/outputs/2026-10-08-23/stage1_fm_density_control/report/natural_generated_30/118eb5d8b75e1b8ac23a4e9ae77af9a9_A_1140_comparison.mp4	1384161
H3-World/outputs/2026-10-08-23/stage1_fm_density_control/report/natural_generated_30/dfec8ed3237860eba14d67c089ecd041_D_1750_comparison.mp4	1603436
H3-World/outputs/2026-10-08-23/stage1_fm_density_control/report/natural_generated_8/118eb5d8b75e1b8ac23a4e9ae77af9a9_A_1140_comparison.mp4	1569096
H3-World/outputs/2026-10-08-23/stage1_fm_density_control/report/natural_generated_8/dfec8ed3237860eba14d67c089ecd041_D_1750_comparison.mp4	1679993
H3-World/outputs/2026-10-08-23/stage1_fm_density_control/report/natural_gt_30/118eb5d8b75e1b8ac23a4e9ae77af9a9_A_1140_comparison.mp4	1619543
H3-World/outputs/2026-10-08-23/stage1_fm_density_control/report/natural_gt_30/dfec8ed3237860eba14d67c089ecd041_D_1750_comparison.mp4	1553962
H3-World/outputs/2026-10-08-23/stage1_fm_density_control/report/parking_30/A_comparison.mp4	339290
H3-World/outputs/2026-10-08-23/stage1_fm_density_control/report/parking_30/D_comparison.mp4	324369
H3-World/outputs/2026-10-08-23/stage1_fm_density_control/report/parking_8/A_comparison.mp4	325326
H3-World/outputs/2026-10-08-23/stage1_fm_density_control/report/parking_8/D_comparison.mp4	328241
H3-World/outputs/2026-10-08-23/stage1_fm_density_control/review/first_generated30/video.mp4	1641845
H3-World/outputs/2026-10-08-23/stage1_fm_density_control/review/first_gt30/candidate_gt30.mp4	2087755
H3-World/outputs/2026-10-09-04/stage1_local_topology/conditioning_window12_AD.mp4	614488
H3-World/outputs/2026-10-09-04/stage1_local_topology/native_positive_A/AD_local_forks.mp4	908022
H3-World/outputs/2026-10-09-04/stage1_local_topology/native_positive_A/A_local39.mp4	469185
H3-World/outputs/2026-10-09-04/stage1_local_topology/native_positive_A/D_local39.mp4	460338
H3-World/outputs/2026-10-09-04/stage1_local_topology/native_positive_A/chunk0_A.mp4	186291
H3-World/outputs/2026-10-09-04/stage1_local_topology/native_positive_A/chunk0_D.mp4	183330
H3-World/outputs/2026-10-09-04/stage1_local_topology/native_positive_A/chunk1_A.mp4	212516
H3-World/outputs/2026-10-09-04/stage1_local_topology/native_positive_A/chunk1_D.mp4	206625
H3-World/outputs/2026-10-09-04/stage1_local_topology/native_positive_A/chunk2_A.mp4	66714
H3-World/outputs/2026-10-09-04/stage1_local_topology/native_positive_A/chunk2_D.mp4	66443
H3-World/outputs/2026-10-09-04/stage1_local_topology/native_positive_D/AD_local_forks.mp4	831808
H3-World/outputs/2026-10-09-04/stage1_local_topology/native_positive_D/A_local39.mp4	414843
H3-World/outputs/2026-10-09-04/stage1_local_topology/native_positive_D/D_local39.mp4	409066
H3-World/outputs/2026-10-09-04/stage1_local_topology/native_positive_D/chunk0_A.mp4	186291
H3-World/outputs/2026-10-09-04/stage1_local_topology/native_positive_D/chunk0_D.mp4	183697
H3-World/outputs/2026-10-09-04/stage1_local_topology/native_positive_D/chunk1_A.mp4	172352
H3-World/outputs/2026-10-09-04/stage1_local_topology/native_positive_D/chunk1_D.mp4	169692
H3-World/outputs/2026-10-09-04/stage1_local_topology/native_positive_D/chunk2_A.mp4	65681
H3-World/outputs/2026-10-09-04/stage1_local_topology/native_positive_D/chunk2_D.mp4	65412
H3-World/outputs/2026-10-09-04/stage1_local_topology/native_prefix12_calibration/A.mp4	405476
H3-World/outputs/2026-10-09-04/stage1_local_topology/native_prefix12_calibration/AD_window12.mp4	764033
H3-World/outputs/2026-10-09-04/stage1_local_topology/native_prefix12_calibration/A_0_17.mp4	179864
H3-World/outputs/2026-10-09-04/stage1_local_topology/native_prefix12_calibration/A_17_34.mp4	182504
H3-World/outputs/2026-10-09-04/stage1_local_topology/native_prefix12_calibration/A_34_39.mp4	66440
H3-World/outputs/2026-10-09-04/stage1_local_topology/native_prefix12_calibration/D.mp4	348865
H3-World/outputs/2026-10-09-04/stage1_local_topology/native_prefix12_calibration/D_0_17.mp4	161902
H3-World/outputs/2026-10-09-04/stage1_local_topology/native_prefix12_calibration/D_17_34.mp4	157874
H3-World/outputs/2026-10-09-04/stage1_local_topology/native_prefix12_calibration/D_34_39.mp4	59551
H3-World/outputs/2026-10-09-04/stage1_local_topology/native_single_anchor12_calibration/A.mp4	428123
H3-World/outputs/2026-10-09-04/stage1_local_topology/native_single_anchor12_calibration/AD_window12.mp4	806566
H3-World/outputs/2026-10-09-04/stage1_local_topology/native_single_anchor12_calibration/A_0_17.mp4	183158
H3-World/outputs/2026-10-09-04/stage1_local_topology/native_single_anchor12_calibration/A_17_34.mp4	199530
H3-World/outputs/2026-10-09-04/stage1_local_topology/native_single_anchor12_calibration/A_34_39.mp4	68084
H3-World/outputs/2026-10-09-04/stage1_local_topology/native_single_anchor12_calibration/D.mp4	368620
H3-World/outputs/2026-10-09-04/stage1_local_topology/native_single_anchor12_calibration/D_0_17.mp4	170233
H3-World/outputs/2026-10-09-04/stage1_local_topology/native_single_anchor12_calibration/D_17_34.mp4	165140
H3-World/outputs/2026-10-09-04/stage1_local_topology/native_single_anchor12_calibration/D_34_39.mp4	63845
H3-World/outputs/2026-10-09-04/stage1_local_topology/native_single_positive_A/AD_local_forks.mp4	934597
H3-World/outputs/2026-10-09-04/stage1_local_topology/native_single_positive_A/A_local39.mp4	481094
H3-World/outputs/2026-10-09-04/stage1_local_topology/native_single_positive_A/D_local39.mp4	476636
H3-World/outputs/2026-10-09-04/stage1_local_topology/native_single_positive_A/chunk0_A.mp4	198057
H3-World/outputs/2026-10-09-04/stage1_local_topology/native_single_positive_A/chunk0_D.mp4	188615
H3-World/outputs/2026-10-09-04/stage1_local_topology/native_single_positive_A/chunk1_A.mp4	213787
H3-World/outputs/2026-10-09-04/stage1_local_topology/native_single_positive_A/chunk1_D.mp4	216719
H3-World/outputs/2026-10-09-04/stage1_local_topology/native_single_positive_A/chunk2_A.mp4	66924
H3-World/outputs/2026-10-09-04/stage1_local_topology/native_single_positive_A/chunk2_D.mp4	66680
H3-World/outputs/2026-10-09-04/stage1_local_topology/native_single_positive_D/AD_local_forks.mp4	853425
H3-World/outputs/2026-10-09-04/stage1_local_topology/native_single_positive_D/A_local39.mp4	425452
H3-World/outputs/2026-10-09-04/stage1_local_topology/native_single_positive_D/D_local39.mp4	417294
H3-World/outputs/2026-10-09-04/stage1_local_topology/native_single_positive_D/chunk0_A.mp4	198057
H3-World/outputs/2026-10-09-04/stage1_local_topology/native_single_positive_D/chunk0_D.mp4	188628
H3-World/outputs/2026-10-09-04/stage1_local_topology/native_single_positive_D/chunk1_A.mp4	172114
H3-World/outputs/2026-10-09-04/stage1_local_topology/native_single_positive_D/chunk1_D.mp4	171262
H3-World/outputs/2026-10-09-04/stage1_local_topology/native_single_positive_D/chunk2_A.mp4	67688
H3-World/outputs/2026-10-09-04/stage1_local_topology/native_single_positive_D/chunk2_D.mp4	67653
H3-World/outputs/2026-10-09-04/stage1_local_topology/positive_A/AD_local_forks.mp4	896319
H3-World/outputs/2026-10-09-04/stage1_local_topology/positive_A/A_local39.mp4	459312
H3-World/outputs/2026-10-09-04/stage1_local_topology/positive_A/D_local39.mp4	459501
H3-World/outputs/2026-10-09-04/stage1_local_topology/positive_A/chunk0_A.mp4	184263
H3-World/outputs/2026-10-09-04/stage1_local_topology/positive_A/chunk0_D.mp4	183690
H3-World/outputs/2026-10-09-04/stage1_local_topology/positive_A/chunk1_A.mp4	206177
H3-World/outputs/2026-10-09-04/stage1_local_topology/positive_A/chunk1_D.mp4	202798
H3-World/outputs/2026-10-09-04/stage1_local_topology/positive_A/chunk2_A.mp4	65887
H3-World/outputs/2026-10-09-04/stage1_local_topology/positive_A/chunk2_D.mp4	65885
H3-World/outputs/2026-10-09-04/stage1_local_topology/positive_D/AD_local_forks.mp4	828371
H3-World/outputs/2026-10-09-04/stage1_local_topology/positive_D/A_local39.mp4	408405
H3-World/outputs/2026-10-09-04/stage1_local_topology/positive_D/D_local39.mp4	409044
H3-World/outputs/2026-10-09-04/stage1_local_topology/positive_D/chunk0_A.mp4	184263
H3-World/outputs/2026-10-09-04/stage1_local_topology/positive_D/chunk0_D.mp4	183412
H3-World/outputs/2026-10-09-04/stage1_local_topology/positive_D/chunk1_A.mp4	170504
H3-World/outputs/2026-10-09-04/stage1_local_topology/positive_D/chunk1_D.mp4	168650
H3-World/outputs/2026-10-09-04/stage1_local_topology/positive_D/chunk2_A.mp4	65222
H3-World/outputs/2026-10-09-04/stage1_local_topology/positive_D/chunk2_D.mp4	65609
H3-World/outputs/2026-10-09-04/stage1_local_topology/window12_calibration/A.mp4	347782
H3-World/outputs/2026-10-09-04/stage1_local_topology/window12_calibration/AD_window12.mp4	703977
H3-World/outputs/2026-10-09-04/stage1_local_topology/window12_calibration/A_0_17.mp4	162169
H3-World/outputs/2026-10-09-04/stage1_local_topology/window12_calibration/A_17_34.mp4	158431
H3-World/outputs/2026-10-09-04/stage1_local_topology/window12_calibration/A_34_39.mp4	56667
H3-World/outputs/2026-10-09-04/stage1_local_topology/window12_calibration/D.mp4	347362
H3-World/outputs/2026-10-09-04/stage1_local_topology/window12_calibration/D_0_17.mp4	160387
H3-World/outputs/2026-10-09-04/stage1_local_topology/window12_calibration/D_17_34.mp4	161616
H3-World/outputs/2026-10-09-04/stage1_local_topology/window12_calibration/D_34_39.mp4	55737
H3-World/outputs/2026-10-09-05/stage1_coarse_window12/coarse_A/AD_local_forks.mp4	3167449
H3-World/outputs/2026-10-09-05/stage1_coarse_window12/coarse_A/A_local.mp4	1576972
H3-World/outputs/2026-10-09-05/stage1_coarse_window12/coarse_A/D_local.mp4	1585027
H3-World/outputs/2026-10-09-05/stage1_coarse_window12/coarse_A/window0_A.mp4	366163
H3-World/outputs/2026-10-09-05/stage1_coarse_window12/coarse_A/window0_D.mp4	399781
H3-World/outputs/2026-10-09-05/stage1_coarse_window12/coarse_A/window1_A.mp4	618770
H3-World/outputs/2026-10-09-05/stage1_coarse_window12/coarse_A/window1_D.mp4	624029
H3-World/outputs/2026-10-09-05/stage1_coarse_window12/coarse_A/window2_A.mp4	569768
H3-World/outputs/2026-10-09-05/stage1_coarse_window12/coarse_A/window2_D.mp4	542728
H3-World/outputs/2026-10-09-05/stage1_coarse_window12/coarse_D/AD_local_forks.mp4	2976498
H3-World/outputs/2026-10-09-05/stage1_coarse_window12/coarse_D/A_local.mp4	1502123
H3-World/outputs/2026-10-09-05/stage1_coarse_window12/coarse_D/D_local.mp4	1472788
H3-World/outputs/2026-10-09-05/stage1_coarse_window12/coarse_D/window0_A.mp4	366490
H3-World/outputs/2026-10-09-05/stage1_coarse_window12/coarse_D/window0_D.mp4	400713
H3-World/outputs/2026-10-09-05/stage1_coarse_window12/coarse_D/window1_A.mp4	589381
H3-World/outputs/2026-10-09-05/stage1_coarse_window12/coarse_D/window1_D.mp4	525942
H3-World/outputs/2026-10-09-05/stage1_coarse_window12/coarse_D/window2_A.mp4	530564
H3-World/outputs/2026-10-09-05/stage1_coarse_window12/coarse_D/window2_D.mp4	525426
H3-World/outputs/2026-10-09-05/stage1_coarse_window12/matched_first5/AD_local_forks.mp4	388094
H3-World/outputs/2026-10-09-05/stage1_coarse_window12/matched_first5/A_local.mp4	190092
H3-World/outputs/2026-10-09-05/stage1_coarse_window12/matched_first5/D_local.mp4	191218
H3-World/outputs/2026-10-09-05/stage1_coarse_window12/matched_first5/window0_A.mp4	190673
H3-World/outputs/2026-10-09-05/stage1_coarse_window12/matched_first5/window0_D.mp4	191421
H3-World/outputs/2026-10-09-06/stage1_history_conditioning/window1_A/A.mp4	575177
H3-World/outputs/2026-10-09-06/stage1_history_conditioning/window1_A/CN_AD_context.mp4	2554898
H3-World/outputs/2026-10-09-06/stage1_history_conditioning/window1_A/D.mp4	497243
H3-World/outputs/2026-10-09-06/stage1_history_conditioning/window1_D/A.mp4	520684
H3-World/outputs/2026-10-09-06/stage1_history_conditioning/window1_D/CN_AD_context.mp4	2405347
H3-World/outputs/2026-10-09-06/stage1_history_conditioning/window1_D/D.mp4	463291
H3-World/outputs/2026-10-09-06/stage1_real_transition_windows/eval_fm_action_gt/118eb5d8b75e1b8ac23a4e9ae77af9a9_D_1015/current.mp4	2403657
H3-World/outputs/2026-10-09-06/stage1_real_transition_windows/eval_fm_action_gt/118eb5d8b75e1b8ac23a4e9ae77af9a9_D_1015/zero_vs_step4.mp4	6916927
H3-World/outputs/2026-10-09-06/stage1_real_transition_windows/eval_fm_action_gt/dfec8ed3237860eba14d67c089ecd041_A_1080/current.mp4	1675105
H3-World/outputs/2026-10-09-06/stage1_real_transition_windows/eval_fm_action_gt/dfec8ed3237860eba14d67c089ecd041_A_1080/zero_vs_step4.mp4	4960762
H3-World/outputs/2026-10-09-06/stage1_real_transition_windows/eval_fm_action_parking_A/parking_historyA_currentA/current.mp4	576843
H3-World/outputs/2026-10-09-06/stage1_real_transition_windows/eval_fm_action_parking_A/parking_historyA_currentA/zero_vs_step4.mp4	1278730
H3-World/outputs/2026-10-09-06/stage1_real_transition_windows/eval_fm_action_parking_A/parking_historyA_currentD/current.mp4	509024
H3-World/outputs/2026-10-09-06/stage1_real_transition_windows/eval_fm_action_parking_A/parking_historyA_currentD/zero_vs_step4.mp4	1144459
H3-World/outputs/2026-10-09-06/stage1_real_transition_windows/eval_fm_action_parking_D/parking_historyD_currentA/current.mp4	534481
H3-World/outputs/2026-10-09-06/stage1_real_transition_windows/eval_fm_action_parking_D/parking_historyD_currentA/zero_vs_step4.mp4	1214725
H3-World/outputs/2026-10-09-06/stage1_real_transition_windows/eval_fm_action_parking_D/parking_historyD_currentD/current.mp4	466090
H3-World/outputs/2026-10-09-06/stage1_real_transition_windows/eval_fm_action_parking_D/parking_historyD_currentD/zero_vs_step4.mp4	1097595
H3-World/outputs/2026-10-09-06/stage1_real_transition_windows/eval_fm_only_gt/118eb5d8b75e1b8ac23a4e9ae77af9a9_D_1015/current.mp4	2411745
H3-World/outputs/2026-10-09-06/stage1_real_transition_windows/eval_fm_only_gt/118eb5d8b75e1b8ac23a4e9ae77af9a9_D_1015/zero_vs_step4.mp4	6919627
H3-World/outputs/2026-10-09-06/stage1_real_transition_windows/eval_fm_only_gt/dfec8ed3237860eba14d67c089ecd041_A_1080/current.mp4	1675425
H3-World/outputs/2026-10-09-06/stage1_real_transition_windows/eval_fm_only_gt/dfec8ed3237860eba14d67c089ecd041_A_1080/zero_vs_step4.mp4	4964877
H3-World/outputs/2026-10-09-06/stage1_real_transition_windows/eval_fm_only_parking_A/parking_historyA_currentA/current.mp4	577335
H3-World/outputs/2026-10-09-06/stage1_real_transition_windows/eval_fm_only_parking_A/parking_historyA_currentA/zero_vs_step4.mp4	1279767
H3-World/outputs/2026-10-09-06/stage1_real_transition_windows/eval_fm_only_parking_A/parking_historyA_currentD/current.mp4	520791
H3-World/outputs/2026-10-09-06/stage1_real_transition_windows/eval_fm_only_parking_A/parking_historyA_currentD/zero_vs_step4.mp4	1156876
H3-World/outputs/2026-10-09-06/stage1_real_transition_windows/eval_fm_only_parking_D/parking_historyD_currentA/current.mp4	528828
H3-World/outputs/2026-10-09-06/stage1_real_transition_windows/eval_fm_only_parking_D/parking_historyD_currentA/zero_vs_step4.mp4	1209244
H3-World/outputs/2026-10-09-06/stage1_real_transition_windows/eval_fm_only_parking_D/parking_historyD_currentD/current.mp4	465908
H3-World/outputs/2026-10-09-06/stage1_real_transition_windows/eval_fm_only_parking_D/parking_historyD_currentD/zero_vs_step4.mp4	1096835
H3-World/outputs/2026-10-09-06/stage1_real_transition_windows/gt_history_baseline/118eb5d8b75e1b8ac23a4e9ae77af9a9_D_1015/GT_vs_local.mp4	4490751
H3-World/outputs/2026-10-09-06/stage1_real_transition_windows/gt_history_baseline/118eb5d8b75e1b8ac23a4e9ae77af9a9_D_1015/current.mp4	2415529
H3-World/outputs/2026-10-09-06/stage1_real_transition_windows/gt_history_baseline/dfec8ed3237860eba14d67c089ecd041_A_1080/GT_vs_local.mp4	3224988
H3-World/outputs/2026-10-09-06/stage1_real_transition_windows/gt_history_baseline/dfec8ed3237860eba14d67c089ecd041_A_1080/current.mp4	1683419
H3-World/outputs/2026-10-09-06/stage1_real_transition_windows/review_step4/118eb5d8b75e1b8ac23a4e9ae77af9a9_D_1015_comparison.mp4	1419172
H3-World/outputs/2026-10-09-06/stage1_real_transition_windows/review_step4/dfec8ed3237860eba14d67c089ecd041_A_1080_comparison.mp4	1072633
H3-World/outputs/2026-10-09-06/stage1_real_transition_windows/review_step4/parking_historyA_currentA_comparison.mp4	414896
H3-World/outputs/2026-10-09-06/stage1_real_transition_windows/review_step4/parking_historyA_currentD_comparison.mp4	378374
H3-World/outputs/2026-10-09-06/stage1_real_transition_windows/review_step4/parking_historyD_currentA_comparison.mp4	400194
H3-World/outputs/2026-10-09-06/stage1_real_transition_windows/review_step4/parking_historyD_currentD_comparison.mp4	359736
H3-World/outputs/2026-10-09-16/submission_acceptance/clean/submission/outputs/acceptance_A39/cached.mp4	460084
H3-World/outputs/2026-10-09-22/chunk_partition_cb/B7_vs_C12_first22.mp4	780422
H3-World/outputs/2026-10-09-22/chunk_partition_cb/B_first/clean_A_current.mp4	195774
H3-World/outputs/2026-10-09-22/chunk_partition_cb/B_first/clean_A_rollout.mp4	194057
H3-World/outputs/2026-10-09-22/chunk_partition_cb/B_first/clean_D_current.mp4	217211
H3-World/outputs/2026-10-09-22/chunk_partition_cb/B_first/clean_D_rollout.mp4	217886
H3-World/outputs/2026-10-09-22/chunk_partition_cb/B_first/comparison_rollout.mp4	423786
H3-World/outputs/2026-10-09-22/chunk_partition_cb/C12_A_first22_reference.mp4	185167
H3-World/outputs/2026-10-09-22/chunk_partition_cb/C12_D_first22_reference.mp4	206260
H3-World/outputs/2026-10-09-22/chunk_partition_cb/C_A/clean_A_current.mp4	185838
H3-World/outputs/2026-10-09-22/chunk_partition_cb/C_A/clean_A_rollout.mp4	539997
H3-World/outputs/2026-10-09-22/chunk_partition_cb/C_A/clean_D_current.mp4	205016
H3-World/outputs/2026-10-09-22/chunk_partition_cb/C_A/clean_D_rollout.mp4	558623
H3-World/outputs/2026-10-09-22/chunk_partition_cb/C_A/comparison_context.mp4	1169092
H3-World/outputs/2026-10-09-22/chunk_partition_cb/C_A/comparison_rollout.mp4	2252658
H3-World/outputs/2026-10-09-22/chunk_partition_cb/C_A/sigma_noised_A_current.mp4	227498
H3-World/outputs/2026-10-09-22/chunk_partition_cb/C_A/sigma_noised_A_rollout.mp4	582997
H3-World/outputs/2026-10-09-22/chunk_partition_cb/C_A/sigma_noised_D_current.mp4	204914
H3-World/outputs/2026-10-09-22/chunk_partition_cb/C_A/sigma_noised_D_rollout.mp4	558595
H3-World/outputs/2026-10-09-22/chunk_partition_cb/C_A/startup_reused.mp4	366490
H3-World/outputs/2026-10-09-22/chunk_partition_cb/C_D/clean_A_current.mp4	201080
H3-World/outputs/2026-10-09-22/chunk_partition_cb/C_D/clean_A_rollout.mp4	591521
H3-World/outputs/2026-10-09-22/chunk_partition_cb/C_D/clean_D_current.mp4	188758
H3-World/outputs/2026-10-09-22/chunk_partition_cb/C_D/clean_D_rollout.mp4	579073
H3-World/outputs/2026-10-09-22/chunk_partition_cb/C_D/comparison_context.mp4	1221066
H3-World/outputs/2026-10-09-22/chunk_partition_cb/C_D/comparison_rollout.mp4	2428368
H3-World/outputs/2026-10-09-22/chunk_partition_cb/C_D/sigma_noised_A_current.mp4	265653
H3-World/outputs/2026-10-09-22/chunk_partition_cb/C_D/sigma_noised_A_rollout.mp4	655393
H3-World/outputs/2026-10-09-22/chunk_partition_cb/C_D/sigma_noised_D_current.mp4	199989
H3-World/outputs/2026-10-09-22/chunk_partition_cb/C_D/sigma_noised_D_rollout.mp4	589208
H3-World/outputs/2026-10-09-22/chunk_partition_cb/C_D/startup_reused.mp4	400183
H3-World/outputs/2026-10-09-22/chunk_partition_cb/C_second_chunk_summary.mp4	604490
H3-World/outputs/2026-10-09-22/chunk_partition_cb/C_selfhistory_N_56.mp4	2165035
H3-World/outputs/h3world_30step_vs_cached4step.mp4	3062890
H3-World/outputs/h3world_30step_vs_causal_mask.mp4	3321269
H3-World/outputs/h3world_30step_vs_multichunk_seed13_tail4_22.mp4	425950
H3-World/outputs/h3world_30step_vs_multichunk_seed13_tail8_22_diagnostic.mp4	385488
H3-World/outputs/h3world_30step_vs_rgb_prefix_anchor_smoke_22.mp4	447269
H3-World/outputs/h3world_30step_vs_stage1_aligned_shift2_8step_124.mp4	3507543
H3-World/outputs/h3world_30step_vs_stage1_cached_history_dual_anchor_boundaryblend035_8step_124.mp4	3711756
H3-World/outputs/h3world_30step_vs_stage1_cached_history_dual_anchor_softoverlap2_8step_124.mp4	3687919
H3-World/outputs/h3world_30step_vs_stage1_cached_history_dual_tail4_8step_124.mp4	3951714
H3-World/outputs/h3world_30step_vs_stage1_dual_anchor_historynoise08_124.mp4	4310677
H3-World/outputs/h3world_30step_vs_stage1_dual_anchor_shift2_tail4_124.mp4	3705933
H3-World/outputs/h3world_30step_vs_stage1_dynamic_anchor8_124.mp4	2966163
H3-World/outputs/h3world_30step_vs_stage1_dynamic_anchor8_22.mp4	404673
H3-World/outputs/h3world_30step_vs_stage1_long_anchor8_124.mp4	5465326
H3-World/outputs/h3world_30step_vs_stage1_rgb_cached_history_dual_tail4_8step_124.mp4	3775099
H3-World/outputs/h3world_30step_vs_stage1_rgb_tail16_dual_anchor_8step_124.mp4	3086079
H3-World/outputs/h3world_30step_vs_stage1_tail16_dual_anchor_8step_124.mp4	3304011
H3-World/outputs/h3world_30step_vs_trained_seed11_tail4_22.mp4	514378
H3-World/outputs/h3world_30step_vs_trained_tail4_22.mp4	510705
H3-World/outputs/h3world_action_grid_individual_reg_124.mp4	17539845
H3-World/outputs/h3world_action_grid_rgbdual_124.mp4	13144741
H3-World/outputs/h3world_action_schedule_WAD_original_vs_causal_124.mp4	3242620
H3-World/outputs/h3world_action_schedule_WAD_vs_causal_DSA_124.mp4	3276046
H3-World/outputs/h3world_action_vs_visual_stability_AD_124.mp4	10761329
H3-World/outputs/h3world_action_vs_visual_stability_grid_124.mp4	20900754
H3-World/outputs/h3world_final_A_original_vs_causal.mp4	4465534
H3-World/outputs/h3world_final_D_original_vs_causal.mp4	3688041
H3-World/outputs/h3world_final_S_original_vs_causal.mp4	3782923
H3-World/outputs/h3world_final_W_original_vs_causal.mp4	3141135
H3-World/outputs/h3world_final_fixed_mix_action_grid_124.mp4	15085748
H3-World/outputs/h3world_fixed_vs_dynamic_anchor8_22.mp4	346264
H3-World/outputs/h3world_online_selfrollout_vs_fixedmix_A_39.mp4	1197589
H3-World/outputs/h3world_online_selfrollout_vs_fixedmix_A_39_dynamicdual.mp4	1337593
H3-World/outputs/h3world_online_selfrollout_vs_fixedmix_D_39.mp4	1104058
H3-World/outputs/h3world_online_selfrollout_vs_fixedmix_D_39_dynamicdual.mp4	1294611
H3-World/outputs/h3world_rgb_gain_diagnostic_AD_39.mp4	1834443
H3-World/outputs/h3world_rgb_visual_original_vs_causal_W_10s.mp4	5027348
H3-World/outputs/h3world_rgb_visual_original_vs_causal_W_20s.mp4	11313054
H3-World/outputs/h3world_schedule_DSA_multiaction_tail16_124.mp4	4582418
H3-World/outputs/h3world_schedule_WAD_multiaction_tail16_124.mp4	3836918
H3-World/outputs/h3world_schedule_WAD_multiaction_tail8_124.mp4	4467420
H3-World/outputs/h3world_schedule_WAD_rgbdual_124.mp4	3154883
H3-World/outputs/h3world_stage1_multiaction_tail16_action_grid_124.mp4	15694023
H3-World/outputs/h3world_stage1_multiaction_tail8_action_grid_124.mp4	18041559
H3-World/outputs/h3world_stage1_tail16_action_intervention_grid_124.mp4	13741075
H3-World/outputs/stage1_corrected_dynamic_anchor_16step_124.mp4	4390173
H3-World/outputs/stage1_corrected_dynamic_anchor_8step_124.mp4	5339368
H3-World/outputs/stage1_corrected_dynamic_anchor_8step_22.mp4	463940
H3-World/outputs/stage1_corrected_fixed_vs_dynamic_22.mp4	493203
H3-World/outputs/stage1_stage1_aligned_shift2_dynamic_anchor_8step_124.mp4	3507543
H3-World/outputs/stage2_action_qkv_latent_endpoint_AD_39.mp4	885542
H3-World/outputs/stage2_action_qkv_own_endpoint_AD_39.mp4	876447
H3-World/outputs/stage2_lite_39_8step_4updates_AD.mp4	666901
H3-World/outputs/stage2_lite_39_8step_4updates_AD_mp4v.mp4	1061310
H3-World/outputs/stage2_lite_rgb_endpoint_integrated_AD_39.mp4	826300
H3-World/outputs/stage2_rgb_anchor_endpoint_visual_stability_comparison_39.mp4	2050674
H3-World/outputs/stage2_rgb_endpoint_visual_stable_AD_124.mp4	2528459
H3-World/outputs/stage2_rgb_endpoint_visual_stable_W_124.mp4	1366164
H3-World/outputs/stage2_rgb_endpoint_vs_original_W_124.mp4	2618695
H3-World/outputs/stage2_routing_all_rgb_AD_39.mp4	958586
